site,date,time,site_lat,site_lon,chime_diatoms_ug_per_l,chime_cyanobacteria_ug_per_l,chime_others_ug_per_l,lstm_lswt_c,s2_chl_ug_per_l,s2_tur_mg_per_l,s2_cdom_1_per_m,s3_chl_ug_per_l,s3_tur_mg_per_l,s3_cdom_1_per_m,diatoms_ug_per_l,cyanobacterial_ug_per_l,others_ug_per_l
berlin_muggelsee_IOP_daily_v0.3,2023-01-02,2023-01-02 12:00:00,52.437300000000015,13.647400000000005,1.04,0.0231275052036871,0.2368724947963129,2.1230000000000007,1.3,2.0,0.3601756323321787,1.3,2.0,0.3601756323321787,1.04,0.0231275052036871,0.2368724947963129
berlin_muggelsee_IOP_daily_v0.3,2023-01-03,2023-01-03 12:00:00,52.437300000000015,13.647400000000005,1.0522371813496816,0.0235518095886898,0.2305145851358951,2.5167414693433843,1.3063035760742665,1.928174934385357,0.3610843875166714,1.3063035760742665,1.928174934385357,0.3610843875166714,1.0522371813496816,0.0235518095886898,0.2305145851358951
berlin_muggelsee_IOP_daily_v0.3,2023-01-04,2023-01-04 12:00:00,52.437300000000015,13.647400000000005,1.0648420921580202,0.0239294567261025,0.2248099114509022,2.903202755018845,1.3135814603350249,1.8599708591154007,0.36177706504822,1.3135814603350249,1.8599708591154007,0.36177706504822,1.0648420921580202,0.0239294567261025,0.2248099114509022
berlin_muggelsee_IOP_daily_v0.3,2023-01-05,2023-01-05 12:00:00,52.437300000000015,13.647400000000005,1.078050983160475,0.0242029064814735,0.2205460513896966,3.27510367335846,1.322799941031645,1.7990087645348207,0.3620375872738802,1.322799941031645,1.7990087645348207,0.3620375872738802,1.078050983160475,0.0242029064814735,0.2205460513896966
berlin_muggelsee_IOP_daily_v0.3,2023-01-06,2023-01-06 12:00:00,52.437300000000015,13.647400000000005,1.092111990695048,0.0243131593370811,0.2185332015788137,3.625164040694306,1.334958351610943,1.748909640988303,0.3616498765407079,1.334958351610943,1.748909640988303,0.3616498765407079,1.092111990695048,0.0243131593370811,0.2185332015788137
berlin_muggelsee_IOP_daily_v0.3,2023-01-07,2023-01-07 12:00:00,52.437300000000015,13.647400000000005,1.1072867373877913,0.0242029064814735,0.2196175012973056,3.94610367335846,1.3511071451665704,1.7132944788205349,0.3603978551957588,1.3511071451665704,1.7132944788205349,0.3603978551957588,1.1072867373877913,0.0242029064814735,0.2196175012973056
berlin_muggelsee_IOP_daily_v0.3,2023-01-08,2023-01-08 12:00:00,52.437300000000015,13.647400000000005,1.1238525363193623,0.0238209438462824,0.2247006411220884,4.230642387682999,1.3723741212877332,1.695784268376205,0.3580654455860889,1.3723741212877332,1.695784268376205,0.3580654455860889,1.1238525363193623,0.0238209438462824,0.2247006411220884
berlin_muggelsee_IOP_daily_v0.3,2023-01-09,2023-01-09 12:00:00,52.437300000000015,13.647400000000005,1.1421052631578943,0.0231275052036871,0.2347672316384185,4.4715,1.4,1.7,0.3544365700587539,1.4,1.7,0.3544365700587539,1.1421052631578943,0.0231275052036871,0.2347672316384185
berlin_muggelsee_IOP_daily_v0.3,2023-01-10,2023-01-10 12:00:00,52.437300000000015,13.647400000000005,1.162922162276389,0.022130653304908,0.2504832700614949,4.663367472408588,1.435536085642792,1.727690944828946,0.3494443007738304,1.435536085642792,1.727690944828946,0.3494443007738304,1.162922162276389,0.022130653304908,0.2504832700614949
berlin_muggelsee_IOP_daily_v0.3,2023-01-11,2023-01-11 12:00:00,52.437300000000015,13.647400000000005,1.18953856746354,0.0209695583590154,0.2708876855107837,4.808820350076084,1.481395811333339,1.7731194971694255,0.3436183091434787,1.481395811333339,1.7731194971694255,0.3436183091434787,1.18953856746354,0.0209695583590154,0.2708876855107837
berlin_muggelsee_IOP_daily_v0.3,2023-01-12,2023-01-12 12:00:00,52.437300000000015,13.647400000000005,1.2261237560137388,0.0197948444917209,0.2946641586486071,4.912405323936851,1.5405827591540668,1.828676332120157,0.3376374163928796,1.5405827591540668,1.828676332120157,0.3376374163928796,1.2261237560137388,0.0197948444917209,0.2946641586486071
berlin_muggelsee_IOP_daily_v0.3,2023-01-13,2023-01-13 12:00:00,52.437300000000015,13.647400000000005,1.27750473636376,0.0187292689110232,0.3205123088660333,4.97866908492526,1.6167463141408165,1.88675212477986,0.3321804437472141,1.6167463141408165,1.88675212477986,0.3321804437472141,1.27750473636376,0.0187292689110232,0.3205123088660333
berlin_muggelsee_IOP_daily_v0.3,2023-01-14,2023-01-14 12:00:00,52.437300000000015,13.647400000000005,1.3496081641131694,0.0178703737611211,0.3469826326444111,5.012158323975675,1.7144611705187016,1.939737550247255,0.3279262124316634,1.7144611705187016,1.939737550247255,0.3279262124316634,1.3496081641131694,0.0178703737611211,0.3469826326444111
berlin_muggelsee_IOP_daily_v0.3,2023-01-15,2023-01-15 12:00:00,52.437300000000015,13.647400000000005,1.4501548302585614,0.0172993061966733,0.3721668614597688,5.017419732022466,1.839620997915004,1.9800232836210607,0.3255535436714082,1.839620997915004,1.9800232836210607,0.3255535436714082,1.4501548302585614,0.0172993061966733,0.3721668614597688
berlin_muggelsee_IOP_daily_v0.3,2023-01-16,2023-01-16 12:00:00,52.437300000000015,13.647400000000005,1.58974358974359,0.017094017094017,0.3931623931623929,4.998999999999999,2.0,2.0,0.3257412586916298,2.0,2.0,0.3257412586916298,1.58974358974359,0.017094017094017,0.3931623931623929
berlin_muggelsee_IOP_daily_v0.3,2023-01-17,2023-01-17 12:00:00,52.437300000000015,13.647400000000005,1.7791599911495566,0.0173114093302593,0.4059625345099436,4.960387766386692,2.2024339349897595,1.99458898309186,0.3289229506250228,2.2024339349897595,1.99458898309186,0.3289229506250228,1.7791599911495566,0.0173114093302593,0.4059625345099436
berlin_muggelsee_IOP_daily_v0.3,2023-01-18,2023-01-18 12:00:00,52.437300000000015,13.647400000000005,2.013937114042255,0.0178938234431082,0.407971434817982,4.900839459837171,2.4398023723033453,1.968833951040716,0.3345513002343385,2.4398023723033453,1.968833951040716,0.3345513002343385,2.013937114042255,0.0178938234431082,0.407971434817982
berlin_muggelsee_IOP_daily_v0.3,2023-01-19,2023-01-19 12:00:00,52.437300000000015,13.647400000000005,2.278831437344033,0.018762045052545,0.3981415499195186,4.81855345655011,2.6957350323160965,1.9303092305997127,0.3418337601898416,2.6957350323160965,1.9303092305997127,0.3418337601898416,2.278831437344033,0.018762045052545,0.3981415499195186
berlin_muggelsee_IOP_daily_v0.3,2023-01-20,2023-01-20 12:00:00,52.437300000000015,13.647400000000005,2.547453753840735,0.0198329528078682,0.3782367056512155,4.711728132724187,2.945523412299819,1.8865891485219952,0.3499777831617972,2.945523412299819,1.8865891485219952,0.3499777831617972,2.547453753840735,0.0198329528078682,0.3782367056512155
berlin_muggelsee_IOP_daily_v0.3,2023-01-21,2023-01-21 12:00:00,52.437300000000015,13.647400000000005,2.780485533509514,0.0210062549976129,0.3542568824719951,4.578561864558077,3.155748670979122,1.8452480315607072,0.3581908218204702,3.155748670979122,1.8452480315607072,0.3581908218204702,2.780485533509514,0.0210062549976129,0.3542568824719951
berlin_muggelsee_IOP_daily_v0.3,2023-01-22,2023-01-22 12:00:00,52.437300000000015,13.647400000000005,2.9285160634535568,0.0221558191589925,0.336246486946249,4.417253028250455,3.2869183695587982,1.8138602064689933,0.3656803288361255,3.2869183695587982,1.8138602064689933,0.3656803288361255,2.9285160634535568,0.0221558191589925,0.336246486946249
berlin_muggelsee_IOP_daily_v0.3,2023-01-23,2023-01-23 12:00:00,52.437300000000015,13.647400000000005,2.9415730337078645,0.0231275052036871,0.3352994610884477,4.226,3.2999999999999994,1.7999999999999998,0.3716537568790283,3.2999999999999994,1.7999999999999998,0.3716537568790283,2.9415730337078645,0.0231275052036871,0.3352994610884477
berlin_muggelsee_IOP_daily_v0.3,2023-01-24,2023-01-24 12:00:00,52.437300000000015,13.647400000000005,2.796883065504732,0.0237814090777317,0.3560472551942802,4.004871549508195,3.176711729776744,1.8094050178473444,0.3755145066970949,3.176711729776744,1.8094050178473444,0.3755145066970949,2.796883065504732,0.0237814090777317,0.3560472551942802
berlin_muggelsee_IOP_daily_v0.3,2023-01-25,2023-01-25 12:00:00,52.437300000000015,13.647400000000005,2.5418501580836685,0.0241184183585683,0.3887387913397444,3.761418020487766,2.9547073677819813,1.840465981466543,0.3774497713488484,2.9547073677819813,1.840465981466543,0.3774497713488484,2.5418501580836685,0.0241184183585683,0.3887387913397444
berlin_muggelsee_IOP_daily_v0.3,2023-01-26,2023-01-26 12:00:00,52.437300000000015,13.647400000000005,2.2391853105387853,0.0241901902145815,0.4211424176118775,3.5050601501542493,2.6845179183652443,1.8897368912535848,0.3778426919704634,2.6845179183652443,1.8897368912535848,0.3778426919704634,2.2391853105387853,0.0241901902145815,0.4211424176118775
berlin_muggelsee_IOP_daily_v0.3,2023-01-27,2023-01-27 12:00:00,52.437300000000015,13.647400000000005,1.9390011901224384,0.0240594522191726,0.4456002663984817,3.2452186757231787,2.4086609087400928,1.9537717476044625,0.3770764096981142,2.4086609087400928,1.9537717476044625,0.3770764096981142,1.9390011901224384,0.0240594522191726,0.4456002663984817
berlin_muggelsee_IOP_daily_v0.3,2023-01-28,2023-01-28 12:00:00,52.437300000000015,13.647400000000005,1.6737768468477636,0.0237938628384801,0.4600987206519727,2.99131433441009,2.1576694303382165,2.029124550915164,0.3755340656679755,2.1576694303382165,2.029124550915164,0.3755340656679755,1.6737768468477636,0.0237938628384801,0.4600987206519727
berlin_muggelsee_IOP_daily_v0.3,2023-01-29,2023-01-29 12:00:00,52.437300000000015,13.647400000000005,1.4606022676606305,0.0234613886071973,0.4668426005693906,2.7527678634305186,1.9509062568372184,2.112349301581679,0.3735988010162221,1.9509062568372184,2.112349301581679,0.3735988010162221,1.4606022676606305,0.0234613886071973,0.4668426005693906
berlin_muggelsee_IOP_daily_v0.3,2023-01-30,2023-01-30 12:00:00,52.437300000000015,13.647400000000005,1.3066666666666666,0.0231275052036871,0.470205828129646,2.539,1.7999999999999998,2.2,0.3716537568790283,1.7999999999999998,2.2,0.3716537568790283,1.3066666666666666,0.0231275052036871,0.470205828129646
berlin_muggelsee_IOP_daily_v0.3,2023-01-31,2023-01-31 12:00:00,52.437300000000015,13.647400000000005,1.2118087099807755,0.0228433011285431,0.474790548917254,2.357571222310149,1.7094425600265726,2.289034469771088,0.3700116008852836,1.7094425600265726,2.289034469771088,0.3700116008852836,1.2118087099807755,0.0228433011285431,0.474790548917254
berlin_muggelsee_IOP_daily_v0.3,2023-02-01,2023-02-01 12:00:00,52.437300000000015,13.647400000000005,1.1646507566436957,0.0226141511611639,0.4831310971568286,2.208600972456916,1.6703960049616882,2.3780258273157937,0.3687031066347369,1.6703960049616882,2.3780258273157937,0.3687031066347369,1.1646507566436957,0.0226141511611639,0.4831310971568286
berlin_muggelsee_IOP_daily_v0.3,2023-02-02,2023-02-02 12:00:00,52.437300000000015,13.647400000000005,1.1562725313899167,0.0224347546757994,0.4963252470236202,2.090348433512326,1.6750325330893363,2.465951012259945,0.367688574219852,1.6750325330893363,2.465951012259945,0.367688574219852,1.1562725313899167,0.0224347546757994,0.4963252470236202
berlin_muggelsee_IOP_daily_v0.3,2023-02-03,2023-02-03 12:00:00,52.437300000000015,13.647400000000005,1.1820559185263473,0.0223002754040355,0.514825882059096,2.001072788548408,1.7191820759894787,2.5517869642293656,0.3669283037330925,1.7191820759894787,2.5517869642293656,0.3669283037330925,1.1820559185263473,0.0223002754040355,0.514825882059096
berlin_muggelsee_IOP_daily_v0.3,2023-02-04,2023-02-04 12:00:00,52.437300000000015,13.647400000000005,1.2403367704498582,0.0222062515585612,0.538695712638181,1.9390332206371907,1.8012387346466003,2.63451062284988,0.3663825952669222,1.8012387346466003,2.63451062284988,0.3663825952669222,1.2403367704498582,0.0222062515585612,0.538695712638181
berlin_muggelsee_IOP_daily_v0.3,2023-02-05,2023-02-05 12:00:00,52.437300000000015,13.647400000000005,1.3316051475044128,0.0221485179343162,0.5676888954774193,1.9024889128507008,1.9214425609161483,2.7130989277473123,0.366011748913805,1.9214425609161483,2.7130989277473123,0.366011748913805,1.3316051475044128,0.0221485179343162,0.5676888954774193
berlin_muggelsee_IOP_daily_v0.3,2023-02-06,2023-02-06 12:00:00,52.437300000000015,13.647400000000005,1.4579949754020038,0.022123138204849,0.6012371288290814,1.8896990482609688,2.0813552424359343,2.786528818547489,0.3657760647662045,2.0813552424359343,2.786528818547489,0.3657760647662045,1.4579949754020038,0.022123138204849,0.6012371288290814
berlin_muggelsee_IOP_daily_v0.3,2023-02-07,2023-02-07 12:00:00,52.437300000000015,13.647400000000005,1.6229000387675592,0.0221263460220225,0.6383822713948692,1.8989228099400224,2.283408656184451,2.853777234876236,0.3656358429165844,2.283408656184451,2.853777234876236,0.3656358429165844,1.6229000387675592,0.0221263460220225,0.6383822713948692
berlin_muggelsee_IOP_daily_v0.3,2023-02-08,2023-02-08 12:00:00,52.437300000000015,13.647400000000005,1.830598748712689,0.0221544938525671,0.6776844760801326,1.9284193809598889,2.5304377186453886,2.9138211163593746,0.3655513834574087,2.5304377186453886,2.9138211163593746,0.3655513834574087,1.830598748712689,0.0221544938525671,0.6776844760801326
berlin_muggelsee_IOP_daily_v0.3,2023-02-09,2023-02-09 12:00:00,52.437300000000015,13.647400000000005,2.085790402624597,0.0222040087577473,0.7171339839297834,1.9764479443925964,2.825128395312128,2.965637402622733,0.3654829864811408,2.825128395312128,2.965637402622733,0.3654829864811408,2.085790402624597,0.0222040087577473,0.7171339839297834
berlin_muggelsee_IOP_daily_v0.3,2023-02-10,2023-02-10 12:00:00,52.437300000000015,13.647400000000005,2.3929561885554542,0.0222713545518719,0.7541005982473629,2.0412676833101737,3.169328141354689,3.008203033292133,0.3653909520802447,3.169328141354689,3.008203033292133,0.3653909520802447,2.3929561885554542,0.0222713545518719,0.7541005982473629
berlin_muggelsee_IOP_daily_v0.3,2023-02-11,2023-02-11 12:00:00,52.437300000000015,13.647400000000005,2.75547119167099,0.0223529999683194,0.7853631192462172,2.121137780784649,3.5631873108855268,3.0404949479934027,0.3652355803471842,3.5631873108855268,3.0404949479934027,0.3652355803471842,2.75547119167099,0.0223529999683194,0.7853631192462172
berlin_muggelsee_IOP_daily_v0.3,2023-02-12,2023-02-12 12:00:00,52.437300000000015,13.647400000000005,3.174420923442287,0.0224453926229392,0.807266546867922,2.214317419888052,4.004132862933148,3.0614900863523653,0.3649771713744228,4.004132862933148,3.0614900863523653,0.3649771713744228,3.174420923442287,0.0224453926229392,0.807266546867922
berlin_muggelsee_IOP_daily_v0.3,2023-02-13,2023-02-13 12:00:00,52.437300000000015,13.647400000000005,3.647129026091417,0.0225449386972417,0.8160509481224908,2.319065783692408,4.48572491291115,3.070165387994845,0.3645760252544244,4.48572491291115,3.070165387994845,0.3645760252544244,3.647129026091417,0.0225449386972417,0.8160509481224908
berlin_muggelsee_IOP_daily_v0.3,2023-02-14,2023-02-14 12:00:00,52.437300000000015,13.647400000000005,4.165490852373403,0.0226479883694687,0.8083747830407816,2.433642055269747,4.996513623783653,3.065497792546668,0.3639924420796527,4.996513623783653,3.065497792546668,0.3639924420796527,4.165490852373403,0.0226479883694687,0.8083747830407816
berlin_muggelsee_IOP_daily_v0.3,2023-02-15,2023-02-15 12:00:00,52.437300000000015,13.647400000000005,4.714331857475544,0.0227508271011439,0.7820107587609546,2.556305417692097,5.519093443337643,3.0464642396336594,0.3631867219425715,5.519093443337643,3.0464642396336594,0.3631867219425715,4.714331857475544,0.0227508271011439,0.7820107587609546
berlin_muggelsee_IOP_daily_v0.3,2023-02-16,2023-02-16 12:00:00,52.437300000000015,13.647400000000005,5.270156239720423,0.0228496729398929,0.7366232291038798,2.6853150540314865,6.029629141764196,3.012041668881643,0.3621191649356446,6.029629141764196,3.012041668881643,0.3621191649356446,5.270156239720423,0.0228496729398929,0.7366232291038798
berlin_muggelsee_IOP_daily_v0.3,2023-02-17,2023-02-17 12:00:00,52.437300000000015,13.647400000000005,5.800783683385946,0.0229406800254635,0.6744534189743938,2.818930147359943,6.498177782385803,2.961207019916443,0.3607500711513355,6.498177782385803,2.961207019916443,0.3607500711513355,5.800783683385946,0.0229406800254635,0.6744534189743938
berlin_muggelsee_IOP_daily_v0.3,2023-02-18,2023-02-18 12:00:00,52.437300000000015,13.647400000000005,6.26642947769596,0.0230199484838816,0.6006685927732895,2.955409880749494,6.890118018953131,2.8929372323638862,0.3590397406821082,6.890118018953131,2.8929372323638862,0.3590397406821082,6.26642947769596,0.0230199484838816,0.6006685927732895
berlin_muggelsee_IOP_daily_v0.3,2023-02-19,2023-02-19 12:00:00,52.437300000000015,13.647400000000005,6.622689810805522,0.0230835408633384,0.5231141909258005,3.093013437272171,7.1688875425946605,2.8062092458497965,0.3569484736204263,7.1688875425946605,2.8062092458497965,0.3569484736204263,6.622689810805522,0.0230835408633384,0.5231141909258005
berlin_muggelsee_IOP_daily_v0.3,2023-02-20,2023-02-20 12:00:00,52.437300000000015,13.647400000000005,6.825585480093676,0.0231275052036871,0.4512870147026365,3.23,7.3,2.7,0.3544365700587538,7.3,2.7,0.3544365700587538,6.825585480093676,0.0231275052036871,0.4512870147026365
berlin_muggelsee_IOP_daily_v0.3,2023-02-21,2023-02-21 12:00:00,52.437300000000015,13.647400000000005,6.849560752358803,0.0231495597165788,0.3942307460863158,3.364458485267721,7.266941058161698,2.5749624608361765,0.3515261896073899,7.266941058161698,2.5749624608361765,0.3515261896073899,6.849560752358803,0.0231495597165788,0.3942307460863158
berlin_muggelsee_IOP_daily_v0.3,2023-02-22,2023-02-22 12:00:00,52.437300000000015,13.647400000000005,6.726534608420349,0.0231540932094453,0.35709005620389,3.4937967424609293,7.106778757833684,2.43845369996344,0.3484869299479768,7.106778757833684,2.43845369996344,0.3484869299479768,6.726534608420349,0.0231540932094453,0.35709005620389
berlin_muggelsee_IOP_daily_v0.3,2023-02-23,2023-02-23 12:00:00,52.437300000000015,13.647400000000005,6.507737552463411,0.0231472001393579,0.3410144080164462,3.6152523542279313,6.871899160619215,2.29950681538276,0.3456502482799927,6.871899160619215,2.29950681538276,0.3456502482799927,6.507737552463411,0.0231472001393579,0.3410144080164462
berlin_muggelsee_IOP_daily_v0.3,2023-02-24,2023-02-24 12:00:00,52.437300000000015,13.647400000000005,6.24428637925631,0.0231349922431629,0.3449011573727887,3.726062903217034,6.612322528872261,2.1671549050951064,0.3433476018029155,6.612322528872261,2.1671549050951064,0.3433476018029155,6.24428637925631,0.0231349922431629,0.3449011573727887
berlin_muggelsee_IOP_daily_v0.3,2023-02-25,2023-02-25 12:00:00,52.437300000000015,13.647400000000005,5.982102800573012,0.0231235764550771,0.3670557086521903,3.82346597207654,6.372282085680279,2.050431067101449,0.341910447716223,6.372282085680279,2.050431067101449,0.341910447716223,5.982102800573012,0.0231235764550771,0.3670557086521903
berlin_muggelsee_IOP_daily_v0.3,2023-02-26,2023-02-26 12:00:00,52.437300000000015,13.647400000000005,5.760329827658612,0.0231190489372877,0.4065434887642342,3.904699143454761,6.189992365360134,1.9583683994027568,0.3416702432193933,6.189992365360134,1.9583683994027568,0.3416702432193933,5.760329827658612,0.0231190489372877,0.4065434887642342
berlin_muggelsee_IOP_daily_v0.3,2023-02-27,2023-02-27 12:00:00,52.437300000000015,13.647400000000005,5.612642669007903,0.0231275052036871,0.4642298257884082,3.967,6.099999999999999,1.9,0.3429584455119043,6.099999999999999,1.9,0.3429584455119043,5.612642669007903,0.0231275052036871,0.4642298257884082
berlin_muggelsee_IOP_daily_v0.3,2023-02-28,2023-02-28 12:00:00,52.437300000000015,13.647400000000005,5.557361621343371,0.0231523365427793,0.5427377673389786,4.008383214381116,6.123251725225129,1.880878964128701,0.3459579406575542,6.123251725225129,1.880878964128701,0.3459579406575542,5.557361621343371,0.0231523365427793,0.5427377673389786
berlin_muggelsee_IOP_daily_v0.3,2023-03-01,2023-03-01 12:00:00,52.437300000000015,13.647400000000005,5.561703874983894,0.0231860422600751,0.6427709087684088,4.0299718193491705,6.227660826012378,1.8926383759625949,0.3502573301774226,6.227660826012378,1.8926383759625949,0.3502573301774226,5.561703874983894,0.0231860422600751,0.6427709087684088
berlin_muggelsee_IOP_daily_v0.3,2023-03-02,2023-03-02 12:00:00,52.437300000000015,13.647400000000005,5.582030947728802,0.0232183585959571,0.7629091953714078,4.033665937675777,6.368158501696167,1.9234313169099675,0.355296644456909,6.368158501696167,1.9234313169099675,0.355296644456909,5.582030947728802,0.0232183585959571,0.7629091953714078
berlin_muggelsee_IOP_daily_v0.3,2023-03-03,2023-03-03 12:00:00,52.437300000000015,13.647400000000005,5.574796592841853,0.0232389680307041,0.8988372666828375,4.02136569213255,6.496872827555395,1.961410868379108,0.3605159138814131,6.496872827555395,1.961410868379108,0.3605159138814131,5.574796592841853,0.0232389680307041,0.8988372666828375
berlin_muggelsee_IOP_daily_v0.3,2023-03-04,2023-03-04 12:00:00,52.437300000000015,13.647400000000005,5.496996411511125,0.0232375283920828,1.0420039597670778,3.9949712054911024,6.5622378996702855,1.9947301117783007,0.3653551688363345,6.5622378996702855,1.9947301117783007,0.3653551688363345,5.496996411511125,0.0232375283920828,1.0420039597670778
berlin_muggelsee_IOP_daily_v0.3,2023-03-05,2023-03-05 12:00:00,52.437300000000015,13.647400000000005,5.309929515646864,0.0232037478290247,1.1788337770631767,3.956382600523048,6.511967040539066,2.011542128515836,0.3692544397070731,6.511967040539066,2.011542128515836,0.3692544397070731,5.309929515646864,0.0232037478290247,1.1788337770631767
berlin_muggelsee_IOP_daily_v0.3,2023-03-06,2023-03-06 12:00:00,52.437300000000015,13.647400000000005,4.985700293829579,0.0231275052036871,1.291172200966732,3.9075000000000006,6.299999999999998,2.0,0.3716537568790284,6.299999999999998,2.0,0.3716537568790284,4.985700293829579,0.0231275052036871,1.291172200966732
berlin_muggelsee_IOP_daily_v0.3,2023-03-07,2023-03-07 12:00:00,52.437300000000015,13.647400000000005,4.531870973089363,0.0230065067547401,1.3619932892850208,3.850912447295279,5.916870769129124,1.952250545622779,0.3721535698168082,5.916870769129124,1.952250545622779,0.3721535698168082,4.531870973089363,0.0230065067547401,1.3619932892850208
berlin_muggelsee_IOP_daily_v0.3,2023-03-08,2023-03-08 12:00:00,52.437300000000015,13.647400000000005,4.031931674745749,0.0228685408246866,1.3917306526550548,3.791964668189036,5.446530868225491,1.876415536710962,0.3709960043018531,5.446530868225491,1.876415536710962,0.3709960043018531,4.031931674745749,0.0228685408246866,1.3917306526550548
berlin_muggelsee_IOP_daily_v0.3,2023-03-09,2023-03-09 12:00:00,52.437300000000015,13.647400000000005,3.563165267317795,0.0227482608636857,1.3923388446999172,3.7366903090631287,4.978252372881398,1.7846104825750366,0.3685836051948116,4.978252372881398,1.7846104825750366,0.3685836051948116,3.563165267317795,0.0227482608636857,1.3923388446999172
berlin_muggelsee_IOP_daily_v0.3,2023-03-10,2023-03-10 12:00:00,52.437300000000015,13.647400000000005,3.1743065108509634,0.0226796324408316,1.380379524188011,3.6911230162994135,4.577365667479806,1.6889508925254897,0.3653189173563322,4.577365667479806,1.6889508925254897,0.3653189173563322,3.1743065108509634,0.0226796324408316,1.380379524188011
berlin_muggelsee_IOP_daily_v0.3,2023-03-11,2023-03-11 12:00:00,52.437300000000015,13.647400000000005,2.8930421472588392,0.0226964526579561,1.373584569122355,3.661296436279749,4.28932316903915,1.6015522758728091,0.3616044856470639,4.28932316903915,1.6015522758728091,0.3616044856470639,2.8930421472588392,0.0226964526579561,1.373584569122355
berlin_muggelsee_IOP_daily_v0.3,2023-03-12,2023-03-12 12:00:00,52.437300000000015,13.647400000000005,2.737515487594372,0.0228333803799247,1.3896606680770582,3.653244215385992,4.150009536051355,1.5345301419274833,0.3578428549276548,4.150009536051355,1.5345301419274833,0.3578428549276548,2.737515487594372,0.0228333803799247,1.3896606680770582
berlin_muggelsee_IOP_daily_v0.3,2023-03-13,2023-03-13 12:00:00,52.437300000000015,13.647400000000005,2.729337539432177,0.0231275052036871,1.4475349553641372,3.673,4.200000000000001,1.5000000000000002,0.3544365700587539,4.200000000000001,1.5000000000000002,0.3544365700587539,2.729337539432177,0.0231275052036871,1.4475349553641372
berlin_muggelsee_IOP_daily_v0.3,2023-03-14,2023-03-14 12:00:00,52.437300000000015,13.647400000000005,2.895784440883461,0.0235925655838066,1.5655187161690856,3.7254378419188168,4.484895722636353,1.5069118562956332,0.3517133697193773,4.484895722636353,1.5069118562956332,0.3517133697193773,2.895784440883461,0.0235925655838066,1.5655187161690856
berlin_muggelsee_IOP_daily_v0.3,2023-03-15,2023-03-15 12:00:00,52.437300000000015,13.647400000000005,3.2390619836441714,0.0241319425810183,1.7459375285866616,3.810793414600224,5.009131454811851,1.5515537045988044,0.3497017678620132,5.009131454811851,1.5515537045988044,0.3497017678620132,3.2390619836441714,0.0241319425810183,1.7459375285866616
berlin_muggelsee_IOP_daily_v0.3,2023-03-16,2023-03-16 12:00:00,52.437300000000015,13.647400000000005,3.765811917359671,0.0246120852284359,1.985134332853224,3.9281427969171903,5.775558335441331,1.6270480355887211,0.3483554722575172,5.775558335441331,1.6270480355887211,0.3483554722575172,3.765811917359671,0.0246120852284359,1.985134332853224
berlin_muggelsee_IOP_daily_v0.3,2023-03-17,2023-03-17 12:00:00,52.437300000000015,13.647400000000005,4.486695760513589,0.0248892516141213,2.2735959302807496,4.076562067742684,6.78518094240846,1.7265173399445914,0.3476281906767451,6.78518094240846,1.7265173399445914,0.3476281906767451,4.486695760513589,0.0248892516141213,2.2735959302807496
berlin_muggelsee_IOP_daily_v0.3,2023-03-18,2023-03-18 12:00:00,52.437300000000015,13.647400000000005,5.400892557008736,0.0248170898402142,2.5906880067059648,4.255127305949671,8.016397653554915,1.8430841083456229,0.3474736308905525,8.016397653554915,1.8430841083456229,0.3474736308905525,5.400892557008736,0.0248170898402142,2.5906880067059648
berlin_muggelsee_IOP_daily_v0.3,2023-03-19,2023-03-19 12:00:00,52.437300000000015,13.647400000000005,6.476161429780369,0.0242623990045051,2.9003126196324027,4.46291459041112,9.400736448417277,1.9698708314710227,0.3478455006697952,9.400736448417277,1.9698708314710227,0.3478455006697952,6.476161429780369,0.0242623990045051,2.9003126196324027
berlin_muggelsee_IOP_daily_v0.3,2023-03-20,2023-03-20 12:00:00,52.437300000000015,13.647400000000005,7.626500389711616,0.0231275052036871,3.1503721050847013,4.699,10.800000000000004,2.1000000000000005,0.3486975077853291,10.800000000000004,2.1000000000000005,0.3486975077853291,7.626500389711616,0.0231275052036871,3.1503721050847013
berlin_muggelsee_IOP_daily_v0.3,2023-03-21,2023-03-21 12:00:00,52.437300000000015,13.647400000000005,8.726409502563916,0.0214499653869106,3.2906846373879457,4.961066505729161,12.038544105338772,2.2311807463958537,0.3499715780155026,12.038544105338772,2.2311807463958537,0.3499715780155026,8.726409502563916,0.0214499653869106,3.2906846373879457
berlin_muggelsee_IOP_daily_v0.3,2023-03-22,2023-03-22 12:00:00,52.437300000000015,13.647400000000005,9.732292886503217,0.0195887640086552,3.321867151360599,5.241224647170999,13.07374880187247,2.379468770258252,0.3515625091686364,13.07374880187247,2.379468770258252,0.3515625091686364,9.732292886503217,0.0195887640086552,3.321867151360599
berlin_muggelsee_IOP_daily_v0.3,2023-03-23,2023-03-23 12:00:00,52.437300000000015,13.647400000000005,10.649654892237972,0.0178884325508502,3.2699449483221,5.530191856037788,13.937488273110922,2.565506412970954,0.3533533170605439,13.937488273110922,2.565506412970954,0.3533533170605439,10.649654892237972,0.0178884325508502,3.2699449483221
berlin_muggelsee_IOP_daily_v0.3,2023-03-24,2023-03-24 12:00:00,52.437300000000015,13.647400000000005,11.50981057829014,0.0165891655603316,3.169945983017051,5.818685564041806,14.696345726867522,2.80993601591772,0.3552270175070384,14.696345726867522,2.80993601591772,0.3552270175070384,11.50981057829014,0.0165891655603316,3.169945983017051
berlin_muggelsee_IOP_daily_v0.3,2023-03-25,2023-03-25 12:00:00,52.437300000000015,13.647400000000005,12.367576071457473,0.0158659463043849,3.0604560644980348,6.097423202895329,15.443898082259892,3.13339992048231,0.3570666263239334,15.443898082259892,3.13339992048231,0.3570666263239334,12.367576071457473,0.0158659463043849,3.0604560644980348
berlin_muggelsee_IOP_daily_v0.3,2023-03-26,2023-03-26 12:00:00,52.437300000000015,13.647400000000005,13.300141792295635,0.0158927403797444,2.9810332246277778,6.357122204310635,16.297067757303157,3.5565404680484827,0.3587551593270423,16.297067757303157,3.5565404680484827,0.3587551593270423,13.300141792295635,0.0158927403797444,2.9810332246277778
berlin_muggelsee_IOP_daily_v0.3,2023-03-27,2023-03-27 12:00:00,52.437300000000015,13.647400000000005,14.409692487349162,0.0169326586220318,2.973374854028805,6.5885,17.4,4.1000000000000005,0.3601756323321787,17.4,4.1000000000000005,0.3601756323321787,14.409692487349162,0.0169326586220318,2.973374854028805
berlin_muggelsee_IOP_daily_v0.3,2023-03-28,2023-03-28 12:00:00,52.437300000000015,13.647400000000005,15.80060184663281,0.0193786821275445,3.0736105723149967,6.784809254698063,18.89359110107535,4.773029881153023,0.361249335506912,18.89359110107535,4.773029881153023,0.361249335506912,15.80060184663281,0.0193786821275445,3.0736105723149967
berlin_muggelsee_IOP_daily_v0.3,2023-03-29,2023-03-29 12:00:00,52.437300000000015,13.647400000000005,17.474132037371195,0.0235278988912426,3.273823296263444,6.949443565228899,20.77148323252588,5.53931757005332,0.3620506564258366,20.77148323252588,5.53931757005332,0.3620506564258366,17.474132037371195,0.0235278988912426,3.273823296263444
berlin_muggelsee_IOP_daily_v0.3,2023-03-30,2023-03-30 12:00:00,52.437300000000015,13.647400000000005,19.383199865055445,0.0297622630791137,3.549924706220178,7.088331761438946,22.962886834354737,6.351159548679066,0.3626922570153034,22.962886834354737,6.351159548679066,0.3626922570153034,19.383199865055445,0.0297622630791137,3.549924706220178
berlin_muggelsee_IOP_daily_v0.3,2023-03-31,2023-03-31 12:00:00,52.437300000000015,13.647400000000005,21.44707266799284,0.0385244757226251,3.866254556481617,7.207402673174642,25.35185170019708,7.160852299008433,0.3632867992016628,25.35185170019708,7.160852299008433,0.3632867992016628,21.44707266799284,0.0385244757226251,3.866254556481617
berlin_muggelsee_IOP_daily_v0.3,2023-04-01,2023-04-01 12:00:00,52.437300000000015,13.647400000000005,23.541171546608734,0.0501140593267221,4.169730312487095,7.312585130282425,27.76101591842255,7.920692303019598,0.3639469449112655,27.76101591842255,7.920692303019598,0.3639469449112655,23.541171546608734,0.0501140593267221,4.169730312487095
berlin_muggelsee_IOP_daily_v0.3,2023-04-02,2023-04-02 12:00:00,52.437300000000015,13.647400000000005,25.492382794734915,0.0643425943576262,4.38809682971646,7.409807962608731,29.944822218809,8.58297604269073,0.3647853560704622,29.944822218809,8.58297604269073,0.3647853560704622,25.492382794734915,0.0643425943576262,4.38809682971646
berlin_muggelsee_IOP_daily_v0.3,2023-04-03,2023-04-03 12:00:00,52.437300000000015,13.647400000000005,27.08444319301704,0.0800788399267914,4.435477967056158,7.504999999999999,31.599999999999987,9.099999999999998,0.3659146946056035,31.599999999999987,9.099999999999998,0.3659146946056035,27.08444319301704,0.0800788399267914,4.435477967056158
berlin_muggelsee_IOP_daily_v0.3,2023-04-04,2023-04-04 12:00:00,52.437300000000015,13.647400000000005,28.113787884823,0.0952231247997889,4.246731264518475,7.603127147216671,32.455742274141265,9.435258875525395,0.3674161018367611,32.455742274141265,9.435258875525395,0.3674161018367611,28.113787884823,0.0952231247997889,4.246731264518475
berlin_muggelsee_IOP_daily_v0.3,2023-04-05,2023-04-05 12:00:00,52.437300000000015,13.647400000000005,28.536703006429427,0.108178853163198,3.8535906870511503,7.70530360867521,32.498472546643775,9.597040244244164,0.3692446366588924,32.498472546643775,9.597040244244164,0.3692446366588924,28.536703006429427,0.108178853163198,3.8535906870511503
berlin_muggelsee_IOP_daily_v0.3,2023-04-06,2023-04-06 12:00:00,52.437300000000015,13.647400000000005,28.38744159054715,0.117828023794789,3.3272508705898507,7.811680663706082,31.83252048493179,9.604829899733357,0.3713238373606753,31.83252048493179,9.604829899733357,0.3713238373606753,28.38744159054715,0.117828023794789,3.3272508705898507
berlin_muggelsee_IOP_daily_v0.3,2023-04-07,2023-04-07 12:00:00,52.437300000000015,13.647400000000005,27.735741805750248,0.123478708879911,2.7452954233554725,7.922409591639755,30.60451593798563,9.478113635570022,0.3735772422307885,30.60451593798563,9.478113635570022,0.3735772422307885,27.735741805750248,0.123478708879911,2.7452954233554725
berlin_muggelsee_IOP_daily_v0.3,2023-04-08,2023-04-08 12:00:00,52.437300000000015,13.647400000000005,26.674570726022115,0.1249406668349647,2.1790049769197517,8.037641671806695,28.97851636977683,9.23637724533122,0.3759283895579099,28.97851636977683,9.23637724533122,0.3759283895579099,26.674570726022115,0.1249406668349647,2.1790049769197517
berlin_muggelsee_IOP_daily_v0.3,2023-04-09,2023-04-09 12:00:00,52.437300000000015,13.647400000000005,25.307675699787712,0.1224939957896733,1.685020706278296,8.15752818353737,27.11519040185568,8.899106522594007,0.3783008176307182,27.11519040185568,8.899106522594007,0.3783008176307182,25.307675699787712,0.1224939957896733,1.685020706278296
berlin_muggelsee_IOP_daily_v0.3,2023-04-10,2023-04-10 12:00:00,52.437300000000015,13.647400000000005,23.73871999094876,0.116776650639258,1.3018471208520432,8.28222040616225,25.15734376244006,8.485787260935433,0.3806180647378915,25.15734376244006,8.485787260935433,0.3806180647378915,23.73871999094876,0.116776650639258,1.3018471208520432
berlin_muggelsee_IOP_daily_v0.3,2023-04-11,2023-04-11 12:00:00,52.437300000000015,13.647400000000005,22.063052462040552,0.1086321680939085,1.0504564563901797,8.411869619011798,23.22214108652464,8.015905253932559,0.382803669168108,23.22214108652464,8.015905253932559,0.382803669168108,22.063052462040552,0.1086321680939085,1.0504564563901797
berlin_muggelsee_IOP_daily_v0.3,2023-04-12,2023-04-12 12:00:00,52.437300000000015,13.647400000000005,20.36245828092149,0.0989584964108187,0.9376492372734344,8.546627101416483,21.399066014605747,7.508946295162433,0.3847811692100463,21.399066014605747,7.508946295162433,0.3847811692100463,20.36245828092149,0.0989584964108187,0.9376492372734344
berlin_muggelsee_IOP_daily_v0.3,2023-04-13,2023-04-13 12:00:00,52.437300000000015,13.647400000000005,18.70269426978445,0.0885871898280468,0.9607694717861436,8.686644132706775,19.75205093139864,6.9843961782021164,0.3864741031523845,19.75205093139864,6.9843961782021164,0.3864741031523845,18.70269426978445,0.0885871898280468,0.9607694717861436
berlin_muggelsee_IOP_daily_v0.3,2023-04-14,2023-04-14 12:00:00,52.437300000000015,13.647400000000005,17.13328132668893,0.0782065175335359,1.1126744238508142,8.83207199221314,18.32416226807328,6.46174069662866,0.387806009283801,18.32416226807328,6.46174069662866,0.387806009283801,17.13328132668893,0.0782065175335359,1.1126744238508142
berlin_muggelsee_IOP_daily_v0.3,2023-04-15,2023-04-15 12:00:00,52.437300000000015,13.647400000000005,15.68889545618566,0.0683282257475382,1.386310197851517,8.98306195926604,17.143533879784716,5.960465644019117,0.3887004258929739,17.143533879784716,5.960465644019117,0.3887004258929739,15.68889545618566,0.0683282257475382,1.386310197851517
berlin_muggelsee_IOP_daily_v0.3,2023-04-16,2023-04-16 12:00:00,52.437300000000015,13.647400000000005,14.391719668908706,0.0592889149205443,1.7786952555595326,9.139765313195946,16.229703839388783,5.500056813950545,0.3890808912685817,16.229703839388783,5.500056813950545,0.3890808912685817,14.391719668908706,0.0592889149205443,1.7786952555595326
berlin_muggelsee_IOP_daily_v0.3,2023-04-17,2023-04-17 12:00:00,52.437300000000015,13.647400000000005,13.25423171733772,0.0512736236647493,2.2944946589975386,9.302333333333332,15.600000000000009,5.099999999999999,0.3888709436993028,15.600000000000009,5.099999999999999,0.3888709436993028,13.25423171733772,0.0512736236647493,2.2944946589975386
berlin_muggelsee_IOP_daily_v0.3,2023-04-18,2023-04-18 12:00:00,52.437300000000015,13.647400000000005,12.270609894853669,0.0443527690454025,2.9376680826561303,9.470604682122756,15.252630746555202,4.774456606782074,0.3880485964502567,15.252630746555202,4.774456606782074,0.3880485964502567,12.270609894853669,0.0443527690454025,2.9376680826561303
berlin_muggelsee_IOP_daily_v0.3,2023-04-19,2023-04-19 12:00:00,52.437300000000015,13.647400000000005,11.391375177469625,0.0385234405817811,3.67452333657269,9.643167554465192,15.104421954624096,4.516290483061528,0.3868097626923285,15.104421954624096,4.516290483061528,0.3868097626923285,11.391375177469625,0.0385234405817811,3.67452333657269
berlin_muggelsee_IOP_daily_v0.3,2023-04-20,2023-04-20 12:00:00,52.437300000000015,13.647400000000005,10.56837951712266,0.0337292324886637,4.459395849297792,9.81829752837571,15.061504598909115,4.313041088640661,0.3854048305728443,15.061504598909115,4.313041088640661,0.3854048305728443,10.56837951712266,0.0337292324886637,4.459395849297792
berlin_muggelsee_IOP_daily_v0.3,2023-04-21,2023-04-21 12:00:00,52.437300000000015,13.647400000000005,9.765325120183643,0.0298857648140604,5.239781259452413,9.99427018186938,15.034992144450117,4.152247883321776,0.384084188239131,15.034992144450117,4.152247883321776,0.384084188239131,9.765325120183643,0.0298857648140604,5.239781259452413
berlin_muggelsee_IOP_daily_v0.3,2023-04-22,2023-04-22 12:00:00,52.437300000000015,13.647400000000005,8.956429201743857,0.026902849116007,5.954045259159261,10.169361092961273,14.937377310019125,4.0214503269071695,0.3830982238385145,14.937377310019125,4.0214503269071695,0.3830982238385145,8.956429201743857,0.026902849116007,5.954045259159261
berlin_muggelsee_IOP_daily_v0.3,2023-04-23,2023-04-23 12:00:00,52.437300000000015,13.647400000000005,8.125999555463222,0.0247006069440222,6.533405368974148,10.341845839666457,14.684105531381393,3.908187879199145,0.3826973255183214,14.684105531381393,3.908187879199145,0.3826973255183214,8.125999555463222,0.0247006069440222,6.533405368974148
berlin_muggelsee_IOP_daily_v0.3,2023-04-24,2023-04-24 12:00:00,52.437300000000015,13.647400000000005,7.268356500408831,0.023221586263287,6.9084219133278815,10.510000000000002,14.2,3.8,0.383131881425878,14.2,3.8,0.383131881425878,7.268356500408831,0.023221586263287,6.9084219133278815
berlin_muggelsee_IOP_daily_v0.3,2023-04-25,2023-04-25 12:00:00,52.437300000000015,13.647400000000005,6.395807657316509,0.0224102490480672,7.032906778913919,10.67257190330202,13.451124685278495,3.686998927219203,0.3845858175078324,13.451124685278495,3.686998927219203,0.3845858175078324,6.395807657316509,0.0224102490480672,7.032906778913919
berlin_muggelsee_IOP_daily_v0.3,2023-04-26,2023-04-26 12:00:00,52.437300000000015,13.647400000000005,5.55354272841455,0.0221336144931637,6.932787556796738,10.830200884212797,12.508463899704452,3.5695880111948943,0.3869772109081192,12.508463899704452,3.5695880111948943,0.3869772109081192,5.55354272841455,0.0221336144931637,6.932787556796738
berlin_muggelsee_IOP_daily_v0.3,2023-04-27,2023-04-27 12:00:00,52.437300000000015,13.647400000000005,4.778973105735912,0.0222733399922148,6.660906834487594,10.983999028697635,11.462153280215722,3.4507433803723755,0.3901576765699942,11.462153280215722,3.4507433803723755,0.3901576765699942,4.778973105735912,0.0222733399922148,6.660906834487594
berlin_muggelsee_IOP_daily_v0.3,2023-04-28,2023-04-28 12:00:00,52.437300000000015,13.647400000000005,4.09320030731609,0.0227364253643834,6.273380794212207,11.13507842272186,10.38931752689268,3.333441163196952,0.3939788294367137,10.38931752689268,3.333441163196952,0.3939788294367137,4.09320030731609,0.0227364253643834,6.273380794212207
berlin_muggelsee_IOP_daily_v0.3,2023-04-29,2023-04-29 12:00:00,52.437300000000015,13.647400000000005,3.504528121632568,0.0234390144628213,5.8219578667053495,11.284551152250785,9.349925002800738,3.2206574881139267,0.3982922844515338,9.349925002800738,3.2206574881139267,0.3982922844515338,3.504528121632568,0.0234390144628213,5.8219578667053495
berlin_muggelsee_IOP_daily_v0.3,2023-04-30,2023-04-30 12:00:00,52.437300000000015,13.647400000000005,3.0123708543661065,0.0242947994460249,5.34965104362865,11.433529303249728,8.386316697440781,3.1153684835686075,0.4029496565577107,8.386316697440781,3.1153684835686075,0.4029496565577107,3.0123708543661065,0.0242947994460249,5.34965104362865
berlin_muggelsee_IOP_daily_v0.3,2023-05-01,2023-05-01 12:00:00,52.437300000000015,13.647400000000005,2.610801527889677,0.0252069666846758,4.889193096040108,11.583124961684009,7.5252015906144605,3.020550278006298,0.4078025606985005,7.5252015906144605,3.020550278006298,0.4078025606985005,2.610801527889677,0.0252069666846758,4.889193096040108
berlin_muggelsee_IOP_daily_v0.3,2023-05-02,2023-05-02 12:00:00,52.437300000000015,13.647400000000005,2.291395256303891,0.0260637944590801,4.463490147623906,11.73445021351894,6.780949198386878,2.939178999872303,0.412702611817159,6.780949198386878,2.939178999872303,0.412702611817159,2.291395256303891,0.0260637944590801,4.463490147623906
berlin_muggelsee_IOP_daily_v0.3,2023-05-03,2023-05-03 12:00:00,52.437300000000015,13.647400000000005,2.045319167810088,0.0267387419680853,4.087223394395357,11.88861714471984,6.159281304173531,2.8742307776119267,0.4175014248569428,6.159281304173531,2.8742307776119267,0.4175014248569428,2.045319167810088,0.0267387419680853,4.087223394395357
berlin_muggelsee_IOP_daily_v0.3,2023-05-04,2023-05-04 12:00:00,52.437300000000015,13.647400000000005,1.8647958379734173,0.0270961170519919,3.7689171403643433,12.046737841252032,5.6608090953897525,2.828681739670474,0.4220506147611078,5.6608090953897525,2.828681739670474,0.4220506147611078,1.8647958379734173,0.0270961170519919,3.7689171403643433
berlin_muggelsee_IOP_daily_v0.3,2023-05-05,2023-05-05 12:00:00,52.437300000000015,13.647400000000005,1.7441539468236935,0.0270030237468353,3.513023280847596,12.209924389080824,5.284180251418125,2.8055080144932507,0.4262017964729099,5.284180251418125,2.8055080144932507,0.4262017964729099,1.7441539468236935,0.0270030237468353,3.513023280847596
berlin_muggelsee_IOP_daily_v0.3,2023-05-06,2023-05-06 12:00:00,52.437300000000015,13.647400000000005,1.6807218915046276,0.0263471396831845,3.3217858993855813,12.37928887417154,5.028854930573393,2.807685730525561,0.4298065849356056,5.028854930573393,2.807685730525561,0.4298065849356056,1.6807218915046276,0.0263471396831845,3.3217858993855813
berlin_muggelsee_IOP_daily_v0.3,2023-05-07,2023-05-07 12:00:00,52.437300000000015,13.647400000000005,1.6758633887843826,0.0250580213142238,3.1968068427548637,12.55594338248949,4.89772825285347,2.8381910162127086,0.4327165950924506,4.89772825285347,2.8381910162127086,0.4327165950924506,1.6758633887843826,0.0250580213142238,3.1968068427548637
berlin_muggelsee_IOP_daily_v0.3,2023-05-08,2023-05-08 12:00:00,52.437300000000015,13.647400000000005,1.736549957301452,0.0231275052036871,3.1403225374948613,12.741,4.9,2.9,0.4347834418867014,4.9,2.9,0.4347834418867014,1.736549957301452,0.0231275052036871,3.1403225374948613
berlin_muggelsee_IOP_daily_v0.3,2023-05-09,2023-05-09 12:00:00,52.437300000000015,13.647400000000005,1.8727765641151624,0.0206916691827218,3.151320718209112,12.93525719575569,5.044788951506996,2.993292421928305,0.4358882646546534,5.044788951506996,2.993292421928305,0.4358882646546534,1.8727765641151624,0.0206916691827218,3.151320718209112
berlin_muggelsee_IOP_daily_v0.3,2023-05-10,2023-05-10 12:00:00,52.437300000000015,13.647400000000005,2.0814136592754235,0.0181644020641826,3.2119209111402687,13.13825897115845,5.311498972479875,3.1070624684207635,0.4360303003047598,5.311498972479875,3.1070624684207635,0.4360303003047598,2.0814136592754235,0.0181644020641826,3.2119209111402687
berlin_muggelsee_IOP_daily_v0.3,2023-05-11,2023-05-11 12:00:00,52.437300000000015,13.647400000000005,2.3539553781295086,0.0158898269659388,3.302047594822248,13.349235710697467,5.671892799917695,3.2275079374960782,0.4352383101385134,5.671892799917695,3.2275079374960782,0.4352383101385134,2.3539553781295086,0.0158898269659388,3.302047594822248
berlin_muggelsee_IOP_daily_v0.3,2023-05-12,2023-05-12 12:00:00,52.437300000000015,13.647400000000005,2.674847856216976,0.014067060383527,3.4034425040236385,13.56741779886194,6.0923574206241415,3.340826627172955,0.4335410554574067,6.0923574206241415,3.340826627172955,0.4335410554574067,2.674847856216976,0.014067060383527,3.4034425040236385
berlin_muggelsee_IOP_daily_v0.3,2023-05-13,2023-05-13 12:00:00,52.437300000000015,13.647400000000005,3.015467259699584,0.0127993318185571,3.5000140786395506,13.792035620141055,6.528280670157692,3.4332163354700977,0.4309672975629324,6.528280670157692,3.4332163354700977,0.4309672975629324,3.015467259699584,0.0127993318185571,3.5000140786395506
berlin_muggelsee_IOP_daily_v0.3,2023-05-14,2023-05-14 12:00:00,52.437300000000015,13.647400000000005,3.330109131186708,0.0121558308415599,3.578880549848332,14.022319559024012,6.9211455118766,3.490874860406211,0.4275457977565832,6.9211455118766,3.490874860406211,0.4275457977565832,3.330109131186708,0.0121558308415599,3.578880549848332
berlin_muggelsee_IOP_daily_v0.3,2023-05-15,2023-05-15 12:00:00,52.437300000000015,13.647400000000005,3.557167138810198,0.0122379603399433,3.6305949008498577,14.2575,7.199999999999999,3.5,0.4233053173398517,7.199999999999999,3.5,0.4233053173398517,3.557167138810198,0.0122379603399433,3.6305949008498577
berlin_muggelsee_IOP_daily_v0.3,2023-05-16,2023-05-16 12:00:00,52.437300000000015,13.647400000000005,3.645965810189469,0.0131737268901226,3.651537391983513,14.496502028891946,7.310676929063105,3.453945365036516,0.4183540421669676,7.310676929063105,3.453945365036516,0.4183540421669676,3.645965810189469,0.0131737268901226,3.651537391983513
berlin_muggelsee_IOP_daily_v0.3,2023-05-17,2023-05-17 12:00:00,52.437300000000015,13.647400000000005,3.6241957598433694,0.0148822917028054,3.65366398895557,14.73702953685772,7.292742040501746,3.3746878173662056,0.4131178563031075,7.292742040501746,3.3746878173662056,0.4131178563031075,3.6241957598433694,0.0148822917028054,3.65366398895557
berlin_muggelsee_IOP_daily_v0.3,2023-05-18,2023-05-18 12:00:00,52.437300000000015,13.647400000000005,3.5477791545205624,0.0171994029428311,3.650339010710604,14.97648111638892,7.215317568173997,3.291360031605862,0.4081020683661856,7.215317568173997,3.291360031605862,0.4081020683661856,3.5477791545205624,0.0171994029428311,3.650339010710604
berlin_muggelsee_IOP_daily_v0.3,2023-05-19,2023-05-19 12:00:00,52.437300000000015,13.647400000000005,3.472981887982576,0.0198225804599891,3.655031250590576,15.212255359977148,7.14783571903314,3.2330946823722755,0.4038119869741153,7.14783571903314,3.2330946823722755,0.4038119869741153,3.472981887982576,0.0198225804599891,3.655031250590576
berlin_muggelsee_IOP_daily_v0.3,2023-05-20,2023-05-20 12:00:00,52.437300000000015,13.647400000000005,3.4522688356642663,0.0222091084988389,3.683186959579124,15.441750860114002,7.157664903742229,3.229024444282241,0.4007529207448104,7.157664903742229,3.229024444282241,0.4007529207448104,3.4522688356642663,0.0222091084988389,3.683186959579124
berlin_muggelsee_IOP_daily_v0.3,2023-05-21,2023-05-21 12:00:00,52.437300000000015,13.647400000000005,3.53849008754041,0.0235801758186142,3.7521666799376727,15.662366209291088,7.314236943296697,3.308281991952552,0.399430178296185,7.314236943296697,3.308281991952552,0.399430178296185,3.53849008754041,0.0235801758186142,3.7521666799376727
berlin_muggelsee_IOP_daily_v0.3,2023-05-22,2023-05-22 12:00:00,52.437300000000015,13.647400000000005,3.7975,0.0231275052036871,3.879372494796312,15.8715,7.699999999999999,3.5,0.4003490682461525,7.699999999999999,3.5,0.4003490682461525,3.7975,0.0231275052036871,3.879372494796312
berlin_muggelsee_IOP_daily_v0.3,2023-05-23,2023-05-23 12:00:00,52.437300000000015,13.647400000000005,4.310499788368001,0.0206192606748179,4.070182430940891,16.067910072154593,8.40130147998371,3.8222208274320586,0.4038477952378397,8.40130147998371,3.8222208274320586,0.4038477952378397,4.310499788368001,0.0206192606748179,4.070182430940891
berlin_muggelsee_IOP_daily_v0.3,2023-05-24,2023-05-24 12:00:00,52.437300000000015,13.647400000000005,5.119235201723836,0.0170718309468543,4.288975878163642,16.255791255357696,9.425282910834332,4.248625570818922,0.4095961480152238,9.425282910834332,4.248625570818922,0.4095961480152238,5.119235201723836,0.0170718309468543,4.288975878163642
berlin_muggelsee_IOP_daily_v0.3,2023-05-25,2023-05-25 12:00:00,52.437300000000015,13.647400000000005,6.259738594016798,0.0135371063668919,4.475994259483977,16.440697626634403,10.749269959867666,4.741805011121466,0.4170968113474954,10.749269959867666,4.741805011121466,0.4170968113474954,6.259738594016798,0.0135371063668919,4.475994259483977
berlin_muggelsee_IOP_daily_v0.3,2023-05-26,2023-05-26 12:00:00,52.437300000000015,13.647400000000005,7.7554502929356754,0.0106019640093707,4.554922384032156,16.6281832630098,12.320974640977202,5.264349929300564,0.4258524700038447,12.320974640977202,5.264349929300564,0.4258524700038447,7.7554502929356754,0.0106019640093707,4.554922384032156
berlin_muggelsee_IOP_daily_v0.3,2023-05-27,2023-05-27 12:00:00,52.437300000000015,13.647400000000005,9.580398976769487,0.0084574136253835,4.443720963312265,16.82380224150898,14.032577353707136,5.778851106317093,0.4353658087534623,14.032577353707136,5.778851106317093,0.4353658087534623,9.580398976769487,0.0084574136253835,4.443720963312265
berlin_muggelsee_IOP_daily_v0.3,2023-05-28,2023-05-28 12:00:00,52.437300000000015,13.647400000000005,11.612132354967962,0.0070868884152912,4.0808252254348805,17.033108639157007,15.700044468818133,6.247899323131923,0.4451395123655379,15.700044468818133,6.247899323131923,0.4451395123655379,11.612132354967962,0.0070868884152912,4.0808252254348805
berlin_muggelsee_IOP_daily_v0.3,2023-05-29,2023-05-29 12:00:00,52.437300000000015,13.647400000000005,13.589961051577932,0.0064330423948368,3.463649843667547,17.26165653297899,17.060043937640316,6.634085360705937,0.4546762656092623,17.060043937640316,6.634085360705937,0.4546762656092623,13.589961051577932,0.0064330423948368,3.463649843667547
berlin_muggelsee_IOP_daily_v0.3,2023-05-30,2023-05-30 12:00:00,52.437300000000015,13.647400000000005,15.11222283305846,0.0065237309877221,2.681253435953829,17.515000000000004,17.80000000000001,6.9,0.4634787532538256,17.80000000000001,6.9,0.4634787532538256,15.11222283305846,0.0065237309877221,2.681253435953829
berlin_muggelsee_IOP_daily_v0.3,2023-05-31,2023-05-31 12:00:00,52.437300000000015,13.647400000000005,15.791138653174595,0.0075449479808274,1.90077017536567,17.796191746167775,17.699453776521093,7.018535539541223,0.471111745965335,17.699453776521093,7.018535539541223,0.471111745965335,15.791138653174595,0.0075449479808274,1.90077017536567
berlin_muggelsee_IOP_daily_v0.3,2023-06-01,2023-06-01 12:00:00,52.437300000000015,13.647400000000005,15.63956284683002,0.0097544273339248,1.2596742432341452,18.09827899312057,16.90899151739809,7.003790348121624,0.4773883579975652,16.90899151739809,7.003790348121624,0.4773883579975652,15.63956284683002,0.0097544273339248,1.2596742432341452
berlin_muggelsee_IOP_daily_v0.3,2023-06-02,2023-06-02 12:00:00,52.437300000000015,13.647400000000005,14.881885234965274,0.0136780164397979,0.8119034506050135,18.411807591419283,15.707466702010086,6.880164312099453,0.4821837895012077,15.707466702010086,6.880164312099453,0.4821837895012077,14.881885234965274,0.0136780164397979,0.8119034506050135
berlin_muggelsee_IOP_daily_v0.3,2023-06-03,2023-06-03 12:00:00,52.437300000000015,13.647400000000005,13.791439076725382,0.0201841643633049,0.5478267736040443,18.727323391624825,14.359450014692731,6.672057317832957,0.4853732406269541,14.359450014692731,6.672057317832957,0.4853732406269541,13.791439076725382,0.0201841643633049,0.5478267736040443
berlin_muggelsee_IOP_daily_v0.3,2023-06-04,2023-06-04 12:00:00,52.437300000000015,13.647400000000005,12.617567198142002,0.0304127175956812,0.4265264131774002,19.0353722442981,13.074506328915083,6.40386925168039,0.486831911525496,13.074506328915083,6.40386925168039,0.486831911525496,12.617567198142002,0.0304127175956812,0.4265264131774002
berlin_muggelsee_IOP_daily_v0.3,2023-06-05,2023-06-05 12:00:00,52.437300000000015,13.647400000000005,11.551867219917009,0.0453990724920673,0.4027337075909257,19.326500000000003,12.000000000000002,6.1,0.4864350023475249,12.000000000000002,6.1,0.4864350023475249,11.551867219917009,0.0453990724920673,0.4027337075909257
berlin_muggelsee_IOP_daily_v0.3,2023-06-06,2023-06-06 12:00:00,52.437300000000015,13.647400000000005,10.704999768546664,0.0655362569570672,0.4421194204614929,19.593143310977062,11.212655445965224,5.782157226125103,0.4841307288641873,11.212655445965224,5.782157226125103,0.4841307288641873,10.704999768546664,0.0655362569570672,0.4421194204614929
berlin_muggelsee_IOP_daily_v0.3,2023-06-07,2023-06-07 12:00:00,52.437300000000015,13.647400000000005,10.067729686333529,0.0914692769932991,0.5232463335851939,19.835302036218305,10.682445296912022,5.4612797012893015,0.4801593693284505,10.682445296912022,5.4612797012893015,0.4801593693284505,10.067729686333529,0.0914692769932991,0.5232463335851939
berlin_muggelsee_IOP_daily_v0.3,2023-06-08,2023-06-08 12:00:00,52.437300000000015,13.647400000000005,9.61370112073464,0.124150647582355,0.6331747979221047,20.05486683639838,10.3710265662391,5.145613973701258,0.4748342176137365,10.3710265662391,5.145613973701258,0.4748342176137365,9.61370112073464,0.124150647582355,0.6331747979221047
berlin_muggelsee_IOP_daily_v0.3,2023-06-09,2023-06-09 12:00:00,52.437300000000015,13.647400000000005,9.325403816260453,0.1648253598831187,0.7642966526755071,20.253728372191937,10.254525828819078,4.843406591569639,0.4684685675934674,10.254525828819078,4.843406591569639,0.4684685675934674,9.325403816260453,0.1648253598831187,0.7642966526755071
berlin_muggelsee_IOP_daily_v0.3,2023-06-10,2023-06-10 12:00:00,52.437300000000015,13.647400000000005,9.193193771173096,0.2152888545119042,0.9121444606665604,20.433777304273622,10.32062708635156,4.562904103103112,0.4613757131410654,10.32062708635156,4.562904103103112,0.4613757131410654,9.193193771173096,0.2152888545119042,0.9121444606665604
berlin_muggelsee_IOP_daily_v0.3,2023-06-11,2023-06-11 12:00:00,52.437300000000015,13.647400000000005,9.214901404155274,0.2782676386566285,1.0737201597582464,20.596904293318097,10.566889202570149,4.312353056510344,0.4538689481299526,10.566889202570149,4.312353056510344,0.4538689481299526,9.214901404155274,0.2782676386566285,1.0737201597582464
berlin_muggelsee_IOP_daily_v0.3,2023-06-12,2023-06-12 12:00:00,52.437300000000015,13.647400000000005,9.396027049873204,0.3579881656804733,1.2459847844463188,20.745000000000005,10.999999999999996,4.1,0.4462615664335511,10.999999999999996,4.1,0.4462615664335511,9.396027049873204,0.3579881656804733,1.2459847844463188
berlin_muggelsee_IOP_daily_v0.3,2023-06-13,2023-06-13 12:00:00,52.437300000000015,13.647400000000005,9.735175656480791,0.4597205635649215,1.4297349762033582,20.880250684010623,11.624631196249071,3.931829725581726,0.4388699433897969,11.624631196249071,3.931829725581726,0.4388699433897969,9.735175656480791,0.4597205635649215,1.4297349762033582
berlin_muggelsee_IOP_daily_v0.3,2023-06-14,2023-06-14 12:00:00,52.437300000000015,13.647400000000005,10.173200381214576,0.58415245836745,1.6469844844446853,21.00602500110784,12.404337324026711,3.804780000469099,0.4320227801946826,12.404337324026711,3.804780000469099,0.4320227801946826,10.173200381214576,0.58415245836745,1.6469844844446853
berlin_muggelsee_IOP_daily_v0.3,2023-06-15,2023-06-15 12:00:00,52.437300000000015,13.647400000000005,10.6259285034902,0.7259162873541244,1.9289896533092212,21.12598720606612,13.280834444153546,3.713526835676668,0.4260518595087142,13.280834444153546,3.713526835676668,0.4260518595087142,10.6259285034902,0.7259162873541244,1.9289896533092212
berlin_muggelsee_IOP_daily_v0.3,2023-06-16,2023-06-16 12:00:00,52.437300000000015,13.647400000000005,10.993927650428974,0.8719587945355667,2.311105484783652,21.24380155365998,14.176991929748192,3.652746242218989,0.4212889639923982,14.176991929748192,3.652746242218989,0.4212889639923982,10.993927650428974,0.8719587945355667,2.311105484783652
berlin_muggelsee_IOP_daily_v0.3,2023-06-17,2023-06-17 12:00:00,52.437300000000015,13.647400000000005,11.165977931295776,1.0006345845888054,2.826758210913571,21.36313229866392,14.993370726798153,3.617114231110616,0.4180658763062408,14.993370726798153,3.617114231110616,0.4180658763062408,11.165977931295776,1.0006345845888054,2.826758210913571
berlin_muggelsee_IOP_daily_v0.3,2023-06-18,2023-06-18 12:00:00,52.437300000000015,13.647400000000005,11.032648249025298,1.08429190923749,3.493690512114843,21.48764369585242,15.610630670377631,3.6013068133661013,0.4167143791107482,15.610630670377631,3.6013068133661013,0.4167143791107482,11.032648249025298,1.08429190923749,3.493690512114843
berlin_muggelsee_IOP_daily_v0.3,2023-06-19,2023-06-19 12:00:00,52.437300000000015,13.647400000000005,10.50952543530215,1.0965517241379312,4.293922840559921,21.621,15.900000000000002,3.6000000000000005,0.417566255066427,15.900000000000002,3.6000000000000005,0.417566255066427,10.50952543530215,1.0965517241379312,4.293922840559921
berlin_muggelsee_IOP_daily_v0.3,2023-06-20,2023-06-20 12:00:00,52.437300000000015,13.647400000000005,9.607879968255228,1.0288468029200202,5.150411170336161,21.76500847193087,15.787137941511409,3.611223580002797,0.4207584413176374,15.787137941511409,3.611223580002797,0.4207584413176374,9.607879968255228,1.0288468029200202,5.150411170336161
berlin_muggelsee_IOP_daily_v0.3,2023-06-21,2023-06-21 12:00:00,52.437300000000015,13.647400000000005,8.542644439550484,0.9110858192974568,5.94594920982377,21.914048396668143,15.39967946867171,3.646422454268707,0.4256484929441579,15.39967946867171,3.646422454268707,0.4256484929441579,8.542644439550484,0.9110858192974568,5.94594920982377
berlin_muggelsee_IOP_daily_v0.3,2023-06-22,2023-06-22 12:00:00,52.437300000000015,13.647400000000005,7.519624463289,0.7791276155468552,6.616099167169214,22.06064206528466,14.91485124600507,3.720395301667872,0.4313991195096211,14.91485124600507,3.720395301667872,0.4313991195096211,7.519624463289,0.7791276155468552,6.616099167169214
berlin_muggelsee_IOP_daily_v0.3,2023-06-23,2023-06-23 12:00:00,52.437300000000015,13.647400000000005,6.670490870538438,0.6583432640651,7.166295597579119,22.197311768853265,14.495129732182656,3.84794080107044,0.4371730305776595,14.495129732182656,3.84794080107044,0.4371730305776595,6.670490870538438,0.6583432640651,7.166295597579119
berlin_muggelsee_IOP_daily_v0.3,2023-06-24,2023-06-24 12:00:00,52.437300000000015,13.647400000000005,6.070102402058302,0.5623988634627666,7.653746942650496,22.3165797984468,14.286248208171564,4.043857631346553,0.4421329357119055,14.286248208171564,4.043857631346553,0.4421329357119055,6.070102402058302,0.5623988634627666,7.653746942650496
berlin_muggelsee_IOP_daily_v0.3,2023-06-25,2023-06-25 12:00:00,52.437300000000015,13.647400000000005,5.768057533517352,0.49697948701723,8.166219570134482,22.41096844513809,14.431256590669063,4.322944471366357,0.4454415444759918,14.431256590669063,4.322944471366357,0.4454415444759918,5.768057533517352,0.49697948701723,8.166219570134482
berlin_muggelsee_IOP_daily_v0.3,2023-06-26,2023-06-26 12:00:00,52.437300000000015,13.647400000000005,5.826090854751941,0.4648236700537955,8.809085475194264,22.473000000000003,15.1,4.699999999999999,0.4462615664335509,15.1,4.699999999999999,0.4462615664335509,5.826090854751941,0.4648236700537955,8.809085475194264
berlin_muggelsee_IOP_daily_v0.3,2023-06-27,2023-06-27 12:00:00,52.437300000000015,13.647400000000005,6.322709753954181,0.4677577146907313,9.671615428141088,22.497639626516627,16.462082896786,5.178086450033905,0.4440467849088399,16.462082896786,5.178086450033905,0.4440467849088399,6.322709753954181,0.4677577146907313,9.671615428141088
berlin_muggelsee_IOP_daily_v0.3,2023-06-28,2023-06-28 12:00:00,52.437300000000015,13.647400000000005,7.245254072315231,0.5016001669079821,10.710981218275636,22.489623977817264,18.45783545749885,5.713320269919633,0.4394152782686132,18.45783545749885,5.713320269919633,0.4394152782686132,7.245254072315231,0.5016001669079821,10.710981218275636
berlin_muggelsee_IOP_daily_v0.3,2023-06-29,2023-06-29 12:00:00,52.437300000000015,13.647400000000005,8.554997579285326,0.5640178783094915,11.791716916828952,22.456132579442464,20.91073237442377,6.250081462025023,0.4332761986402495,20.91073237442377,6.250081462025023,0.4332761986402495,8.554997579285326,0.5640178783094915,11.791716916828952
berlin_muggelsee_IOP_daily_v0.3,2023-06-30,2023-06-30 12:00:00,52.437300000000015,13.647400000000005,10.157657767094172,0.6543664865165384,12.70349343208912,22.40434495693277,23.51551768569983,6.732750028717914,0.4265386981511277,23.51551768569983,6.732750028717914,0.4265386981511277,10.157657767094172,0.6543664865165384,12.70349343208912
berlin_muggelsee_IOP_daily_v0.3,2023-07-01,2023-07-01 12:00:00,52.437300000000015,13.647400000000005,11.834943600120926,0.7707911193081516,13.183651720828452,22.341440635828764,25.78938644025753,7.105705972366146,0.4201119289286267,25.78938644025753,7.105705972366146,0.4201119289286267,11.834943600120926,0.7707911193081516,13.183651720828452
berlin_muggelsee_IOP_daily_v0.3,2023-07-02,2023-07-02 12:00:00,52.437300000000015,13.647400000000005,13.204721809450705,0.9070564715630082,12.98595602863042,22.274599141670983,27.09773430964413,7.313329295337561,0.4149050431001252,27.09773430964413,7.313329295337561,0.4149050431001252,13.204721809450705,0.9070564715630082,12.98595602863042
berlin_muggelsee_IOP_daily_v0.3,2023-07-03,2023-07-03 12:00:00,52.437300000000015,13.647400000000005,13.768108620145243,1.0493211240922005,11.982570255762564,22.211,26.800000000000008,7.3,0.4118271927930022,26.800000000000008,7.3,0.4118271927930022,13.768108620145243,1.0493211240922005,11.982570255762564
berlin_muggelsee_IOP_daily_v0.3,2023-07-04,2023-07-04 12:00:00,52.437300000000015,13.647400000000005,13.189936450703486,1.1800312181237935,10.31485919253109,22.15775809488889,24.68482686135837,7.03182420586741,0.4115208229274793,24.68482686135837,7.03182420586741,0.4115208229274793,13.189936450703486,1.1800312181237935,10.31485919253109
berlin_muggelsee_IOP_daily_v0.3,2023-07-05,2023-07-05 12:00:00,52.437300000000015,13.647400000000005,11.761848710684207,1.3010207334546255,8.49072316517519,22.12172974454092,21.553592609314023,6.561812501038183,0.4135615495951504,21.553592609314023,6.561812501038183,0.4135615495951504,11.761848710684207,1.3010207334546255,8.49072316517519
berlin_muggelsee_IOP_daily_v0.3,2023-07-06,2023-07-06 12:00:00,52.437300000000015,13.647400000000005,9.964693080037703,1.425329445261163,6.8987120918346125,22.10970662569184,18.28873461713348,5.964701590756819,0.4172582816804523,18.28873461713348,5.964701590756819,0.4172582816804523,9.964693080037703,1.425329445261163,6.8987120918346125
berlin_muggelsee_IOP_daily_v0.3,2023-07-07,2023-07-07 12:00:00,52.437300000000015,13.647400000000005,8.186508217318996,1.5726109459558977,5.700619942086021,22.12848041507744,15.459739105360915,5.31522818026782,0.4219199280678215,15.459739105360915,5.31522818026782,0.4219199280678215,8.186508217318996,1.5726109459558977,5.700619942086021
berlin_muggelsee_IOP_daily_v0.3,2023-07-08,2023-07-08 12:00:00,52.437300000000015,13.647400000000005,6.656882647113005,1.7710752244614707,4.918170205748249,22.18484278943348,13.346128077322724,4.688128974815682,0.426855397641695,13.346128077322724,4.688128974815682,0.426855397641695,6.656882647113005,1.7710752244614707,4.918170205748249
berlin_muggelsee_IOP_daily_v0.3,2023-07-09,2023-07-09 12:00:00,52.437300000000015,13.647400000000005,5.4685414573362445,2.0634648568851435,4.530099994000917,22.28558542549574,12.062106308222305,4.158140679644908,0.4313735992865093,12.062106308222305,4.158140679644908,0.4313735992865093,5.4685414573362445,2.0634648568851435,4.530099994000917
berlin_muggelsee_IOP_daily_v0.3,2023-07-10,2023-07-10 12:00:00,52.437300000000015,13.647400000000005,4.632244897959184,2.5207871720116617,4.546967930029153,22.4375,11.7,3.8,0.4347834418867014,11.7,3.8,0.4347834418867014,4.632244897959184,2.5207871720116617,4.546967930029153
berlin_muggelsee_IOP_daily_v0.3,2023-07-11,2023-07-11 12:00:00,52.437300000000015,13.647400000000005,4.10878017265306,3.255280520604735,5.022675325311802,22.64259475777617,12.386736018569598,3.669543840199075,0.4365672388354017,12.386736018569598,3.669543840199075,0.4365672388354017,4.10878017265306,3.255280520604735,5.022675325311802
berlin_muggelsee_IOP_daily_v0.3,2023-07-12,2023-07-12 12:00:00,52.437300000000015,13.647400000000005,3.797359685848799,4.386171283183586,5.915299552072398,22.883744216030703,14.098830521104782,3.747009900854745,0.4369009215605158,14.098830521104782,3.747009900854745,0.4369009215605158,3.797359685848799,4.386171283183586,5.915299552072398
berlin_muggelsee_IOP_daily_v0.3,2023-07-13,2023-07-13 12:00:00,52.437300000000015,13.647400000000005,3.620220747195312,6.054229760634628,7.185050455322627,23.13903946006422,16.859500963152566,3.993736081653237,0.4361338259986433,16.859500963152566,3.993736081653237,0.4361338259986433,3.620220747195312,6.054229760634628,7.185050455322627
berlin_muggelsee_IOP_daily_v0.3,2023-07-14,2023-07-14 12:00:00,52.437300000000015,13.647400000000005,3.5246006156076013,8.405035823903916,8.768058840055364,23.386571575177307,20.69769527956688,4.371060282280779,0.4346152880863838,20.69769527956688,4.371060282280779,0.4346152880863838,3.5246006156076013,8.405035823903916,8.768058840055364
berlin_muggelsee_IOP_daily_v0.3,2023-07-15,2023-07-15 12:00:00,52.437300000000015,13.647400000000005,3.46931208335054,11.522820937105962,10.499352228362866,23.60443164667056,25.49148524881937,4.8403204024236,0.4326946437603364,25.49148524881937,4.8403204024236,0.4326946437603364,3.46931208335054,11.522820937105962,10.499352228362866
berlin_muggelsee_IOP_daily_v0.3,2023-07-16,2023-07-16 12:00:00,52.437300000000015,13.647400000000005,3.4180032776310165,15.316087772126178,12.044192746503947,23.77071075984459,30.778283796261142,5.362854341767932,0.4307212289571009,30.778283796261142,5.362854341767932,0.4307212289571009,3.4180032776310165,15.316087772126178,12.044192746503947
berlin_muggelsee_IOP_daily_v0.3,2023-07-17,2023-07-17 12:00:00,52.437300000000015,13.647400000000005,3.336831564189866,19.379291007410384,12.88387742839976,23.8635,35.60000000000001,5.9,0.4290443796132767,35.60000000000001,5.9,0.4290443796132767,3.336831564189866,19.379291007410384,12.88387742839976
berlin_muggelsee_IOP_daily_v0.3,2023-07-18,2023-07-18 12:00:00,52.437300000000015,13.647400000000005,3.2067882898072315,23.014254259123103,12.551033503431636,23.86702030840875,38.77207605236197,6.416822590770687,0.4279378919974425,38.77207605236197,6.416822590770687,0.4279378919974425,3.2067882898072315,23.014254259123103,12.551033503431636
berlin_muggelsee_IOP_daily_v0.3,2023-07-19,2023-07-19 12:00:00,52.437300000000015,13.647400000000005,3.055904095294441,25.7240861210098,11.220587102580367,23.790012050228366,40.00057731888461,6.893296583589482,0.4273734037060944,40.00057731888461,6.893296583589482,0.4273734037060944,3.055904095294441,25.7240861210098,11.220587102580367
berlin_muggelsee_IOP_daily_v0.3,2023-07-20,2023-07-20 12:00:00,52.437300000000015,13.647400000000005,2.9188128450897737,27.2532835307234,9.385799708885305,23.64734544658771,39.55789608469848,7.313123761930525,0.4272470126677073,39.55789608469848,7.313123761930525,0.4272470126677073,2.9188128450897737,27.2532835307234,9.385799708885305
berlin_muggelsee_IOP_daily_v0.3,2023-07-21,2023-07-21 12:00:00,52.437300000000015,13.647400000000005,2.824447740212296,27.56038953224755,7.560761496920907,23.453890718615664,37.94559876938076,7.660005909267957,0.427454816810757,37.94559876938076,7.660005909267957,0.427454816810757,2.824447740212296,27.56038953224755,7.560761496920907
berlin_muggelsee_IOP_daily_v0.3,2023-07-22,2023-07-22 12:00:00,52.437300000000015,13.647400000000005,2.7988864144353336,26.79114729074695,6.136634045295565,23.224518087441112,35.726667750477844,7.917644809075919,0.4278929140637181,35.726667750477844,7.917644809075919,0.4278929140637181,2.7988864144353336,26.79114729074695,6.136634045295565
berlin_muggelsee_IOP_daily_v0.3,2023-07-23,2023-07-23 12:00:00,52.437300000000015,13.647400000000005,2.870946569222597,25.210909996831628,5.32749640256721,22.974097774192927,33.409352968621434,8.069742244828552,0.4284574023550662,33.409352968621434,8.069742244828552,0.4284574023550662,2.870946569222597,25.210909996831628,5.32749640256721
berlin_muggelsee_IOP_daily_v0.3,2023-07-24,2023-07-24 12:00:00,52.437300000000015,13.647400000000005,3.0811775200713654,23.127505203687186,5.191317276241442,22.7175,31.39999999999999,8.099999999999998,0.4290443796132767,31.39999999999999,8.099999999999998,0.4290443796132767,3.0811775200713654,23.127505203687186,5.191317276241442
berlin_muggelsee_IOP_daily_v0.3,2023-07-25,2023-07-25 12:00:00,52.437300000000015,13.647400000000005,3.4809116628300543,20.83261787178522,5.628508063095026,22.46726424182495,29.9420375977103,8.000775126164237,0.4295615742103476,29.9420375977103,8.000775126164237,0.4295615742103476,3.4809116628300543,20.83261787178522,5.628508063095026
berlin_muggelsee_IOP_daily_v0.3,2023-07-26,2023-07-26 12:00:00,52.437300000000015,13.647400000000005,4.087556383926724,18.573133376921906,6.304562817610218,22.22660699996544,28.96525257845885,7.799045747294613,0.4299632362923707,28.96525257845885,7.799045747294613,0.4299632362923707,4.087556383926724,18.573133376921906,6.304562817610218
berlin_muggelsee_IOP_daily_v0.3,2023-07-27,2023-07-27 12:00:00,52.437300000000015,13.647400000000005,4.903520690918251,16.522820486309783,6.928956612996302,21.996414030552867,28.355297790224338,7.530445255464311,0.4302152464489603,28.355297790224338,7.530445255464311,0.4302152464489603,4.903520690918251,16.522820486309783,6.928956612996302
berlin_muggelsee_IOP_daily_v0.3,2023-07-28,2023-07-28 12:00:00,52.437300000000015,13.647400000000005,5.906154425925328,14.786734551729252,7.327146991460717,21.777571089718627,28.0200359691153,7.230607042746514,0.4302834852697312,28.0200359691153,7.230607042746514,0.4302834852697312,5.906154425925328,14.786734551729252,7.327146991460717
berlin_muggelsee_IOP_daily_v0.3,2023-07-29,2023-07-29 12:00:00,52.437300000000015,13.647400000000005,7.019935838682287,13.420875938601668,7.439485888344706,21.570963933594133,27.88029766562866,6.935164501214407,0.4301338333442978,27.88029766562866,6.935164501214407,0.4301338333442978,7.019935838682287,13.420875938601668,7.439485888344706
berlin_muggelsee_IOP_daily_v0.3,2023-07-30,2023-07-30 12:00:00,52.437300000000015,13.647400000000005,8.092301864469404,12.454931634729244,7.316353537318923,21.37747831831079,27.86358703651757,6.679751022941174,0.4297321712622747,27.86358703651757,6.679751022941174,0.4297321712622747,8.092301864469404,12.454931634729244,7.316353537318923
berlin_muggelsee_IOP_daily_v0.3,2023-07-31,2023-07-31 12:00:00,52.437300000000015,13.647400000000005,8.892023928215352,11.914755732801591,7.093220338983066,21.198000000000004,27.90000000000001,6.499999999999999,0.4290443796132767,27.90000000000001,6.499999999999999,0.4290443796132767,8.892023928215352,11.914755732801591,7.093220338983066
berlin_muggelsee_IOP_daily_v0.3,2023-08-01,2023-08-01 12:00:00,52.437300000000015,13.647400000000005,9.182367536787096,11.806165033136969,6.936763101267063,21.033381907964905,27.92529567119113,6.421476321481976,0.4280653568808458,27.92529567119113,6.421476321481976,0.4280653568808458,9.182367536787096,11.806165033136969,6.936763101267063
berlin_muggelsee_IOP_daily_v0.3,2023-08-02,2023-08-02 12:00:00,52.437300000000015,13.647400000000005,8.896056552417129,12.016274701325102,6.983885760665778,20.8843456641956,27.89621701440801,6.429470864549841,0.4269060731242361,27.89621701440801,6.429470864549841,0.4269060731242361,8.896056552417129,12.016274701325102,6.983885760665778
berlin_muggelsee_IOP_daily_v0.3,2023-08-03,2023-08-03 12:00:00,52.437300000000015,13.647400000000005,8.097470622140847,12.416257567512377,7.261429869660786,20.75158006385391,27.77515805931401,6.499206003384235,0.4257065162966288,27.77515805931401,6.499206003384235,0.4257065162966288,8.097470622140847,12.416257567512377,7.261429869660786
berlin_muggelsee_IOP_daily_v0.3,2023-08-04,2023-08-04 12:00:00,52.437300000000015,13.647400000000005,6.934743132281822,12.87342241480881,7.717713414113097,20.635773902101672,27.52587896120373,6.605904112165804,0.4246066743512053,27.52587896120373,6.605904112165804,0.4246066743512053,6.934743132281822,12.87342241480881,7.717713414113097
berlin_muggelsee_IOP_daily_v0.3,2023-08-05,2023-08-05 12:00:00,52.437300000000015,13.647400000000005,5.59578086034474,13.237389364715629,8.281793052196175,20.53761597410072,27.114963277256543,6.724787565075192,0.4237465352411469,27.114963277256543,6.724787565075192,0.4237465352411469,5.59578086034474,13.237389364715629,8.281793052196175
berlin_muggelsee_IOP_daily_v0.3,2023-08-06,2023-08-06 12:00:00,52.437300000000015,13.647400000000005,4.260499398107895,13.342532163792027,8.910632581986535,20.45779507501289,26.51366414388646,6.831078736293043,0.4232660869196353,26.51366414388646,6.831078736293043,0.4232660869196353,4.260499398107895,13.342532163792027,8.910632581986535
berlin_muggelsee_IOP_daily_v0.3,2023-08-07,2023-08-07 12:00:00,52.437300000000015,13.647400000000005,3.0651376146789,13.029397686477864,9.605464698843251,20.397,25.700000000000017,6.900000000000001,0.4233053173398518,25.700000000000017,6.900000000000001,0.4233053173398518,3.0651376146789,13.029397686477864,9.605464698843251
berlin_muggelsee_IOP_daily_v0.3,2023-08-08,2023-08-08 12:00:00,52.437300000000015,13.647400000000005,2.095694398796002,12.235624789276052,10.351236060762131,20.35687576479939,24.682555248834188,6.912444952339339,0.4239769041956283,24.682555248834188,6.912444952339339,0.4239769041956283,2.095694398796002,12.235624789276052,10.351236060762131
berlin_muggelsee_IOP_daily_v0.3,2023-08-09,2023-08-09 12:00:00,52.437300000000015,13.647400000000005,1.393503250499393,11.155298719918813,11.010188721030802,20.34289226745042,23.558990691449008,6.871992077304856,0.4252842841433991,23.558990691449008,6.871992077304856,0.4252842841433991,1.393503250499393,11.155298719918813,11.010188721030802
berlin_muggelsee_IOP_daily_v0.3,2023-08-10,2023-08-10 12:00:00,52.437300000000015,13.647400000000005,0.926152082795956,10.01082807055946,11.498222665861876,20.361475626567945,22.43520281921729,6.787891080852974,0.4272035835802485,22.43520281921729,6.787891080852974,0.4272035835802485,0.926152082795956,10.01082807055946,11.498222665861876
berlin_muggelsee_IOP_daily_v0.3,2023-08-11,2023-08-11 12:00:00,52.437300000000015,13.647400000000005,0.6323290689011746,8.965469697767118,11.801880507442844,20.419051960766804,21.399679274111136,6.669391668940122,0.4297109289032613,21.399679274111136,6.669391668940122,0.4297109289032613,0.6323290689011746,8.965469697767118,11.801880507442844
berlin_muggelsee_IOP_daily_v0.3,2023-08-12,2023-08-12 12:00:00,52.437300000000015,13.647400000000005,0.4558088303421728,8.124017287828169,11.945291866202616,20.522047388661868,20.525117984372955,6.525743547522725,0.4327824465095222,20.525117984372955,6.525743547522725,0.4327824465095222,0.4558088303421728,8.124017287828169,11.945291866202616
berlin_muggelsee_IOP_daily_v0.3,2023-08-13,2023-08-13 12:00:00,52.437300000000015,13.647400000000005,0.3565277176377188,7.551685238931518,11.964738961067765,20.67688802886797,19.872951917637,6.366196422557207,0.4363942627961155,19.872951917637,6.366196422557207,0.4363942627961155,0.3565277176377188,7.551685238931518,11.964738961067765
berlin_muggelsee_IOP_daily_v0.3,2023-08-14,2023-08-14 12:00:00,52.437300000000015,13.647400000000005,0.3110047846889952,7.300837320574163,11.888157894736846,20.89,19.500000000000004,6.2,0.4405225041601262,19.500000000000004,6.2,0.4405225041601262,0.3110047846889952,7.300837320574163,11.888157894736846
berlin_muggelsee_IOP_daily_v0.3,2023-08-15,2023-08-15 12:00:00,52.437300000000015,13.647400000000005,0.3072158773691772,7.399431064122891,11.717938238216425,21.163749143624685,19.42458517970849,6.033700137382241,0.4451063964222429,19.42458517970849,6.033700137382241,0.4451063964222429,0.3072158773691772,7.399431064122891,11.717938238216425
berlin_muggelsee_IOP_daily_v0.3,2023-08-16,2023-08-16 12:00:00,52.437300000000015,13.647400000000005,0.3324697817304688,7.741131035171199,11.43257181153267,21.4842601931164,19.50617262843434,5.863027298533948,0.4499375630975716,19.50617262843434,5.863027298533948,0.4499375630975716,0.3324697817304688,7.741131035171199,11.43257181153267
berlin_muggelsee_IOP_daily_v0.3,2023-08-17,2023-08-17 12:00:00,52.437300000000015,13.647400000000005,0.3767637690998034,8.183425327304318,11.005989468426876,21.83359760480143,19.566178564831,5.681008098859848,0.4547707271248225,19.566178564831,5.681008098859848,0.4547707271248225,0.3767637690998034,8.183425327304318,11.005989468426876
berlin_muggelsee_IOP_daily_v0.3,2023-08-18,2023-08-18 12:00:00,52.437300000000015,13.647400000000005,0.4273375137130653,8.557257973345155,10.440540650317056,22.19382583500603,19.42513613737528,5.480669153764672,0.4593606114427057,19.42513613737528,5.480669153764672,0.4593606114427057,0.4273375137130653,8.557257973345155,10.440540650317056
berlin_muggelsee_IOP_daily_v0.3,2023-08-19,2023-08-19 12:00:00,52.437300000000015,13.647400000000005,0.4636970518025157,8.664571755778319,9.784569476546409,22.54700934005648,18.912838284127243,5.255037078653151,0.4634619389899313,18.912838284127243,5.255037078653151,0.4634619389899313,0.4636970518025157,8.664571755778319,9.784569476546409
berlin_muggelsee_IOP_daily_v0.3,2023-08-20,2023-08-20 12:00:00,52.437300000000015,13.647400000000005,0.4600823557475529,8.31604324256587,9.117337284510766,22.87521257627904,17.89346288282419,4.997138488930017,0.4668294327052095,17.89346288282419,4.997138488930017,0.4668294327052095,0.4600823557475529,8.31604324256587,9.117337284510766
berlin_muggelsee_IOP_daily_v0.3,2023-08-21,2023-08-21 12:00:00,52.437300000000015,13.647400000000005,0.3989801121876593,7.406068332483424,8.494951555328928,23.160500000000003,16.30000000000001,4.700000000000001,0.4692178155272505,16.30000000000001,4.700000000000001,0.4692178155272505,0.3989801121876593,7.406068332483424,8.494951555328928
berlin_muggelsee_IOP_daily_v0.3,2023-08-22,2023-08-22 12:00:00,52.437300000000015,13.647400000000005,0.2940322408003123,6.034189330428839,7.901919647845556,23.387457106766004,14.230141219074708,4.362958579764347,0.4704563311998119,14.230141219074708,4.362958579764347,0.4704563311998119,0.2940322408003123,6.034189330428839,7.901919647845556
berlin_muggelsee_IOP_daily_v0.3,2023-08-23,2023-08-23 12:00:00,52.437300000000015,13.647400000000005,0.1917470759493593,4.563816558371924,7.310947627713505,23.550753549005247,12.066511262034789,4.010592606110375,0.4706723066868412,12.066511262034789,4.010592606110375,0.4706723066868412,0.1917470759493593,4.563816558371924,7.310947627713505
berlin_muggelsee_IOP_daily_v0.3,2023-08-24,2023-08-24 12:00:00,52.437300000000015,13.647400000000005,0.1172065285512239,3.2745223924693714,6.726163530776489,23.64758001836629,10.117892451797085,3.673790809421922,0.4700675897573331,10.117892451797085,3.673790809421922,0.4700675897573331,0.1172065285512239,3.2745223924693714,6.726163530776489
berlin_muggelsee_IOP_daily_v0.3,2023-08-25,2023-08-25 12:00:00,52.437300000000015,13.647400000000005,0.0711317149750838,2.2777748631039336,6.1922982188152655,23.67512720649772,8.541204796894283,3.3834419200828227,0.4688440281802826,8.541204796894283,3.3834419200828227,0.4688440281802826,0.0711317149750838,2.2777748631039336,6.1922982188152655
berlin_muggelsee_IOP_daily_v0.3,2023-08-26,2023-08-26 12:00:00,52.437300000000015,13.647400000000005,0.0454006787463877,1.569817556886538,5.774942236144665,23.63058580504809,7.390160471777591,3.170434668476912,0.4672034697246847,7.390160471777591,3.170434668476912,0.4672034697246847,0.0454006787463877,1.569817556886538,5.774942236144665
berlin_muggelsee_IOP_daily_v0.3,2023-08-27,2023-08-27 12:00:00,52.437300000000015,13.647400000000005,0.0322810882877998,1.0954577477497789,5.544616647824447,23.511146505666,6.672355483862026,3.065657784988025,0.465347762159534,6.672355483862026,3.065657784988025,0.465347762159534,0.0322810882877998,1.0954577477497789,5.544616647824447
berlin_muggelsee_IOP_daily_v0.3,2023-08-28,2023-08-28 12:00:00,52.437300000000015,13.647400000000005,0.027084443193017,0.7910112359550563,5.581904320851929,23.314,6.400000000000002,3.1,0.4634787532538256,6.400000000000002,3.1,0.4634787532538256,0.027084443193017,0.7910112359550563,5.581904320851929
berlin_muggelsee_IOP_daily_v0.3,2023-08-29,2023-08-29 12:00:00,52.437300000000015,13.647400000000005,0.0279077727799229,0.6015863732189958,5.968664862787519,23.04079998033169,6.598159008786437,3.2905588380210133,0.4617880875324726,6.598159008786437,3.2905588380210133,0.4617880875324726,0.0279077727799229,0.6015863732189958,5.968664862787519
berlin_muggelsee_IOP_daily_v0.3,2023-08-30,2023-08-30 12:00:00,52.437300000000015,13.647400000000005,0.0342535276352442,0.4826700314738537,6.697481049934547,22.71105214147486,7.214404609043645,3.5992670000566207,0.4604265965440621,7.214404609043645,3.5992670000566207,0.4604265965440621,0.0342535276352442,0.4826700314738537,6.697481049934547
berlin_muggelsee_IOP_daily_v0.3,2023-08-31,2023-08-31 12:00:00,52.437300000000015,13.647400000000005,0.0477254531513063,0.4075713162855442,7.747985122037448,22.348725178876258,8.2032818914743,3.97426598123672,0.4595349085930989,8.2032818914743,3.97426598123672,0.4595349085930989,0.0477254531513063,0.4075713162855442,7.747985122037448
berlin_muggelsee_IOP_daily_v0.3,2023-09-01,2023-09-01 12:00:00,52.437300000000015,13.647400000000005,0.07193648580976,0.3613447493249513,9.0784310563308,21.977787787982685,9.511712291465512,4.36369727669121,0.4592536519840886,9.511712291465512,4.36369727669121,0.4592536519840886,0.07193648580976,0.3613447493249513,9.0784310563308
berlin_muggelsee_IOP_daily_v0.3,2023-09-02,2023-09-02 12:00:00,52.437300000000015,13.647400000000005,0.1117873208298425,0.3355588290213175,10.580436864249789,21.62220866424093,11.027783014100947,4.7157023815499866,0.4597234550215361,11.027783014100947,4.7157023815499866,0.4597234550215361,0.1117873208298425,0.3355588290213175,10.580436864249789
berlin_muggelsee_IOP_daily_v0.3,2023-09-03,2023-09-03 12:00:00,52.437300000000015,13.647400000000005,0.170674964104255,0.3256179244222104,12.03946696080305,21.305956503097768,12.535759849329516,4.9784227909429495,0.4610849460099466,12.535759849329516,4.9784227909429495,0.4610849460099466,0.170674964104255,0.3256179244222104,12.03946696080305
berlin_muggelsee_IOP_daily_v0.3,2023-09-04,2023-09-04 12:00:00,52.437300000000015,13.647400000000005,0.2439893143365984,0.3293855743544077,13.126625111308991,21.053,13.699999999999998,5.099999999999999,0.4634787532538255,13.699999999999998,5.099999999999999,0.4634787532538255,0.2439893143365984,0.3293855743544077,13.126625111308991
berlin_muggelsee_IOP_daily_v0.3,2023-09-05,2023-09-05 12:00:00,52.437300000000015,13.647400000000005,0.3146890718930042,0.345930459501345,13.537873063053604,20.88158932759232,14.198492594447952,5.045360004011656,0.4669616013490144,14.198492594447952,5.045360004011656,0.4669616013490144,0.3146890718930042,0.345930459501345,13.537873063053604
berlin_muggelsee_IOP_daily_v0.3,2023-09-06,2023-09-06 12:00:00,52.437300000000015,13.647400000000005,0.368785702438448,0.3731314719961108,13.35224397317032,20.78710056731106,14.09416114760488,4.846566798910953,0.471254600056701,14.09416114760488,4.846566798910953,0.471254600056701,0.368785702438448,0.3731314719961108,13.35224397317032
berlin_muggelsee_IOP_daily_v0.3,2023-09-07,2023-09-07 12:00:00,52.437300000000015,13.647400000000005,0.3998675135498333,0.4082179457331732,12.80651527026685,20.75919127779048,13.614600729549856,4.552468880791546,0.4759949554294097,13.614600729549856,4.552468880791546,0.4759949554294097,0.3998675135498333,0.4082179457331732,12.80651527026685
berlin_muggelsee_IOP_daily_v0.3,2023-09-08,2023-09-08 12:00:00,52.437300000000015,13.647400000000005,0.4084847765815341,0.4473502897364262,12.1468376484094,20.78751901766484,13.00267271472736,4.21191474574709,0.4808198735196646,13.00267271472736,4.21191474574709,0.4808198735196646,0.4084847765815341,0.4473502897364262,12.1468376484094
berlin_muggelsee_IOP_daily_v0.3,2023-09-09,2023-09-09 12:00:00,52.437300000000015,13.647400000000005,0.4003330180085739,0.4849501035816003,11.58900468516664,20.861741345568376,12.474287806756813,3.8737528898712426,0.48536656037999,12.474287806756813,3.8737528898712426,0.48536656037999,0.4003330180085739,0.4849501035816003,11.58900468516664
berlin_muggelsee_IOP_daily_v0.3,2023-09-10,2023-09-10 12:00:00,52.437300000000015,13.647400000000005,0.383284097258784,0.5135803253730765,11.316847075281762,20.971515820135345,12.213711497913623,3.58683180925766,0.4892722220629103,12.213711497913623,3.58683180925766,0.4892722220629103,0.383284097258784,0.5135803253730765,11.316847075281762
berlin_muggelsee_IOP_daily_v0.3,2023-09-11,2023-09-11 12:00:00,52.437300000000015,13.647400000000005,0.3650413983440661,0.5247470101195951,11.51021159153634,21.106500000000004,12.400000000000002,3.4000000000000004,0.4921740646209498,12.400000000000002,3.4000000000000004,0.4921740646209498,0.3650413983440661,0.5247470101195951,11.51021159153634
berlin_muggelsee_IOP_daily_v0.3,2023-09-12,2023-09-12 12:00:00,52.437300000000015,13.647400000000005,0.3513606217374218,0.513233967823395,12.330008242900304,21.255777111631392,13.19460283246112,3.348992399576672,0.4938041327856556,13.19460283246112,3.348992399576672,0.4938041327856556,0.3513606217374218,0.513233967823395,12.330008242900304
berlin_muggelsee_IOP_daily_v0.3,2023-09-13,2023-09-13 12:00:00,52.437300000000015,13.647400000000005,0.3440487654711962,0.4857348391278049,13.741255156889943,21.406133052837752,14.571038761488946,3.4170897110051035,0.4942738260046678,14.571038761488946,3.4170897110051035,0.4942738260046678,0.3440487654711962,0.4857348391278049,13.741255156889943
berlin_muggelsee_IOP_daily_v0.3,2023-09-14,2023-09-14 12:00:00,52.437300000000015,13.647400000000005,0.3441983755145424,0.4517742199074139,15.65487659590094,21.543779389262102,16.450849191322895,3.574459078687476,0.4937893824046491,16.450849191322895,3.574459078687476,0.4937893824046491,0.3441983755145424,0.4517742199074139,15.65487659590094
berlin_muggelsee_IOP_daily_v0.3,2023-09-15,2023-09-15 12:00:00,52.437300000000015,13.647400000000005,0.3533340329511673,0.4193743347926187,17.932984828984054,21.65492768654748,18.70569319672784,3.7912676470259687,0.4925570401122626,18.70569319672784,3.7912676470259687,0.4925570401122626,0.3533340329511673,0.4193743347926187,17.932984828984054
berlin_muggelsee_IOP_daily_v0.3,2023-09-16,2023-09-16 12:00:00,52.437300000000015,13.647400000000005,0.3737798733495327,0.394602971516906,20.33397741040621,21.7257895103369,21.10236025527265,4.037682560422768,0.4907830372541712,21.10236025527265,4.037682560422768,0.4907830372541712,0.3737798733495327,0.394602971516906,20.33397741040621
berlin_muggelsee_IOP_daily_v0.3,2023-09-17,2023-09-17 12:00:00,52.437300000000015,13.647400000000005,0.409228704374388,0.3822230185881585,22.47574496141441,21.742576426273395,23.26719668437696,4.283870963280051,0.4886736119570375,23.26719668437696,4.283870963280051,0.4886736119570375,0.409228704374388,0.3822230185881585,22.47574496141441
berlin_muggelsee_IOP_daily_v0.3,2023-09-18,2023-09-18 12:00:00,52.437300000000015,13.647400000000005,0.4656953966699315,0.3870714985308521,23.84723310479922,21.6915,24.700000000000003,4.5,0.4864350023475249,24.700000000000003,4.5,0.4864350023475249,0.4656953966699315,0.3870714985308521,23.84723310479922
berlin_muggelsee_IOP_daily_v0.3,2023-09-19,2023-09-19 12:00:00,52.437300000000015,13.647400000000005,0.551596291389038,0.4140415112084487,24.00280919907682,21.563818260867546,24.96844700167431,4.662460485145213,0.4842457069045603,24.96844700167431,4.662460485145213,0.4842457069045603,0.551596291389038,0.4140415112084487,24.00280919907682
berlin_muggelsee_IOP_daily_v0.3,2023-09-20,2023-09-20 12:00:00,52.437300000000015,13.647400000000005,0.6730537704217281,0.4629112140129039,23.01311845267703,21.37097509305806,24.149083437111663,4.772537913919947,0.4821732655161285,24.149083437111663,4.772537913919947,0.4821732655161285,0.6730537704217281,0.4629112140129039,23.01311845267703
berlin_muggelsee_IOP_daily_v0.3,2023-09-21,2023-09-21 12:00:00,52.437300000000015,13.647400000000005,0.8349195334688777,0.5324955891912306,21.175752218518568,21.12946084446141,22.54316734117868,4.837741451688876,0.4802574784224785,22.54316734117868,4.837741451688876,0.4802574784224785,0.8349195334688777,0.5324955891912306,21.175752218518568
berlin_muggelsee_IOP_daily_v0.3,2023-09-22,2023-09-22 12:00:00,52.437300000000015,13.647400000000005,1.0391143044226383,0.6203862950205717,18.829699180696224,20.855765862967424,20.48919978013944,4.865580263816671,0.478538145863859,20.48919978013944,4.865580263816671,0.478538145863859,1.0391143044226383,0.6203862950205717,18.829699180696224
berlin_muggelsee_IOP_daily_v0.3,2023-09-23,2023-09-23 12:00:00,52.437300000000015,13.647400000000005,1.280451906858065,0.7206088875536942,16.289265631746453,20.566380496465968,18.290326426158213,4.86356351566801,0.4770550680805195,18.290326426158213,4.86356351566801,0.4770550680805195,1.280451906858065,0.7206088875536942,16.289265631746453
berlin_muggelsee_IOP_daily_v0.3,2023-09-24,2023-09-24 12:00:00,52.437300000000015,13.647400000000005,1.541707092543567,0.8214698767115781,13.813709238798417,20.27779509284688,16.17688620805356,4.839200372607561,0.4758480453127086,16.17688620805356,4.839200372607561,0.4758480453127086,1.541707092543567,0.8214698767115781,13.813709238798417
berlin_muggelsee_IOP_daily_v0.3,2023-09-25,2023-09-25 12:00:00,52.437300000000015,13.647400000000005,1.7899319727891163,0.9046938775510204,11.605374149659866,20.006500000000003,14.300000000000002,4.8,0.4749568778006753,14.300000000000002,4.8,0.4749568778006753,1.7899319727891163,0.9046938775510204,11.605374149659866
berlin_muggelsee_IOP_daily_v0.3,2023-09-26,2023-09-26 12:00:00,52.437300000000015,13.647400000000005,1.9839800917771304,0.95115174734856,9.791447293951354,19.765445315760694,12.726579133077044,4.752488174622076,0.4744015207716313,12.726579133077044,4.752488174622076,0.4744015207716313,1.9839800917771304,0.95115174734856,9.791447293951354
berlin_muggelsee_IOP_daily_v0.3,2023-09-27,2023-09-27 12:00:00,52.437300000000015,13.647400000000005,2.10583803731838,0.9578190774280272,8.357074347649501,19.55342013774631,11.420731462395908,4.699257118898841,0.4741225494006389,11.420731462395908,4.699257118898841,0.4741225494006389,2.10583803731838,0.9578190774280272,8.357074347649501
berlin_muggelsee_IOP_daily_v0.3,2023-09-28,2023-09-28 12:00:00,52.437300000000015,13.647400000000005,2.153936544017561,0.9304795490409276,7.251074432520109,19.36567331351972,10.335490525578598,4.641915666667421,0.4740406938497231,10.335490525578598,4.641915666667421,0.4740406938497231,2.153936544017561,0.9304795490409276,7.251074432520109
berlin_muggelsee_IOP_daily_v0.3,2023-09-29,2023-09-29 12:00:00,52.437300000000015,13.647400000000005,2.136458870437029,0.8782618549561685,6.418750831246161,19.197453690643783,9.433471556639358,4.582072651764943,0.4740766842809086,9.433471556639358,4.582072651764943,0.4740766842809086,2.136458870437029,0.8782618549561685,6.418750831246161
berlin_muggelsee_IOP_daily_v0.3,2023-09-30,2023-09-30 12:00:00,52.437300000000015,13.647400000000005,2.067965419950152,0.8112210488456217,5.805689406361776,19.04401011668136,8.68487587515755,4.521336908028535,0.4741512508562205,8.68487587515755,4.521336908028535,0.4741512508562205,2.067965419950152,0.8112210488456217,5.805689406361776
berlin_muggelsee_IOP_daily_v0.3,2023-10-01,2023-10-01 12:00:00,52.437300000000015,13.647400000000005,1.9656786593090376,0.7385103142464372,5.361763343878434,18.900591439195303,8.06595231743391,4.461317269295324,0.4741851237376835,8.06595231743391,4.461317269295324,0.4741851237376835,1.9656786593090376,0.7385103142464372,5.361763343878434
berlin_muggelsee_IOP_daily_v0.3,2023-10-02,2023-10-02 12:00:00,52.437300000000015,13.647400000000005,1.8464421196067105,0.6673908471740083,5.043977388457035,18.7624465057485,7.557810355237754,4.403622569402439,0.474099033087323,7.557810355237754,4.403622569402439,0.474099033087323,1.8464421196067105,0.6673908471740083,5.043977388457035
berlin_muggelsee_IOP_daily_v0.3,2023-10-03,2023-10-03 12:00:00,52.437300000000015,13.647400000000005,1.7248296534452845,0.6029959798936038,4.817680196673915,18.62482416390379,7.1455058300128025,4.349861642187002,0.4738137090671634,7.1455058300128025,4.349861642187002,0.4738137090671634,1.7248296534452845,0.6029959798936038,4.817680196673915
berlin_muggelsee_IOP_daily_v0.3,2023-10-04,2023-10-04 12:00:00,52.437300000000015,13.647400000000005,1.6124173709637188,0.5486093930217346,4.65631326726872,18.482973261224046,6.817340031254174,4.3016433214861465,0.47324988183923,6.817340031254174,4.3016433214861465,0.47324988183923,1.6124173709637188,0.5486093930217346,4.65631326726872
berlin_muggelsee_IOP_daily_v0.3,2023-10-05,2023-10-05 12:00:00,52.437300000000015,13.647400000000005,1.5179689348518,0.5062101814478038,4.540148788235739,18.33214264527213,6.564327904535343,4.260576441136997,0.4723282815655475,6.564327904535343,4.260576441136997,0.4723282815655475,1.5179689348518,0.5062101814478038,4.540148788235739
berlin_muggelsee_IOP_daily_v0.3,2023-10-06,2023-10-06 12:00:00,52.437300000000015,13.647400000000005,1.448224423698408,0.4771132633151745,4.454465090980709,18.167581163610908,6.379802777994291,4.22826983497668,0.4709696384081409,6.379802777994291,4.22826983497668,0.4709696384081409,1.448224423698408,0.4771132633151745,4.454465090980709
berlin_muggelsee_IOP_daily_v0.3,2023-10-07,2023-10-07 12:00:00,52.437300000000015,13.647400000000005,1.4090611134535485,0.4626358069039532,4.387437198321647,17.984537663803238,6.259134118679148,4.206332336842324,0.4690946825290351,6.259134118679148,4.206332336842324,0.4690946825290351,1.4090611134535485,0.4626358069039532,4.387437198321647
berlin_muggelsee_IOP_daily_v0.3,2023-10-08,2023-10-08 12:00:00,52.437300000000015,13.647400000000005,1.4069484365576352,0.4648237377033064,4.3277700478609225,17.778260993411976,6.199542222121864,4.196372780571053,0.466624144090255,6.199542222121864,4.196372780571053,0.466624144090255,1.4069484365576352,0.4648237377033064,4.3277700478609225
berlin_muggelsee_IOP_daily_v0.3,2023-10-09,2023-10-09 12:00:00,52.437300000000015,13.647400000000005,1.4508226691042048,0.4873857404021937,4.261791590493602,17.543999999999997,6.2,4.199999999999999,0.4634787532538256,6.2,4.199999999999999,0.4634787532538256,1.4508226691042048,0.4873857404021937,4.261791590493602
berlin_muggelsee_IOP_daily_v0.3,2023-10-10,2023-10-10 12:00:00,52.437300000000015,13.647400000000005,1.5498262546503867,0.5347529161153758,4.172112250707678,17.27867404076043,6.25669142147344,4.216662589030639,0.4596510070047613,6.25669142147344,4.216662589030639,0.4596510070047613,1.5498262546503867,0.5347529161153758,4.172112250707678
berlin_muggelsee_IOP_daily_v0.3,2023-10-11,2023-10-11 12:00:00,52.437300000000015,13.647400000000005,1.6985339336915115,0.6046644926563345,4.045676547730913,16.985884511407505,6.348874974078759,4.237168181821859,0.4554204696200343,6.348874974078759,4.237168181821859,0.4554204696200343,1.6985339336915115,0.6046644926563345,4.045676547730913
berlin_muggelsee_IOP_daily_v0.3,2023-10-12,2023-10-12 12:00:00,52.437300000000015,13.647400000000005,1.8853383303504885,0.6908727587586437,3.874561794896679,16.670903317285717,6.4507728840058105,4.2501641725968975,0.4511384721996067,6.4507728840058105,4.2501641725968975,0.4511384721996067,1.8853383303504885,0.6908727587586437,3.874561794896679
berlin_muggelsee_IOP_daily_v0.3,2023-10-13,2023-10-13 12:00:00,52.437300000000015,13.647400000000005,2.0923269278611314,0.7820694169396581,3.660724361380367,16.339002363739574,6.535120706181156,4.244297955578993,0.4471563458434403,6.535120706181156,4.244297955578993,0.4471563458434403,2.0923269278611314,0.7820694169396581,3.660724361380367
berlin_muggelsee_IOP_daily_v0.3,2023-10-14,2023-10-14 12:00:00,52.437300000000015,13.647400000000005,2.2919033097517745,0.8599981250263843,3.421441751910953,15.99545355611357,6.5733431866891125,4.208216924991383,0.4438254216514969,6.5733431866891125,4.208216924991383,0.4438254216514969,2.2919033097517745,0.8599981250263843,3.421441751910953
berlin_muggelsee_IOP_daily_v0.3,2023-10-15,2023-10-15 12:00:00,52.437300000000015,13.647400000000005,2.446193803409402,0.900732862359762,3.1900024880770133,15.645528799752215,6.536929153846177,4.130568475057306,0.4414970307237382,6.536929153846177,4.130568475057306,0.4414970307237382,2.446193803409402,0.900732862359762,3.1900024880770133
berlin_muggelsee_IOP_daily_v0.3,2023-10-16,2023-10-16 12:00:00,52.437300000000015,13.647400000000005,2.511392405063291,0.8810126582278481,3.007594936708861,15.2945,6.4,4.0,0.4405225041601263,6.4,4.0,0.4405225041601263,2.511392405063291,0.8810126582278481,3.007594936708861
berlin_muggelsee_IOP_daily_v0.3,2023-10-17,2023-10-17 12:00:00,52.437300000000015,13.647400000000005,2.4564776252663343,0.7939250126834482,2.899944671035912,14.947048026528751,6.150347308985695,3.810550610993431,0.4411099654684923,6.150347308985695,3.810550610993431,0.4411099654684923,2.4564776252663343,0.7939250126834482,2.899944671035912
berlin_muggelsee_IOP_daily_v0.3,2023-10-18,2023-10-18 12:00:00,52.437300000000015,13.647400000000005,2.2977732185758826,0.6665618768146697,2.848001098683371,14.605489606319583,5.812336194073923,3.5778262870144752,0.4428947077881457,5.812336194073923,3.5778262870144752,0.4428947077881457,2.2977732185758826,0.6665618768146697,2.848001098683371
berlin_muggelsee_IOP_daily_v0.3,2023-10-19,2023-10-19 12:00:00,52.437300000000015,13.647400000000005,2.0699663008347784,0.5305175872108344,2.818052301180012,14.27155043068092,5.418536189225624,3.3228247239907347,0.4453688166662649,5.418536189225624,3.3228247239907347,0.4453688166662649,2.0699663008347784,0.5305175872108344,2.818052301180012
berlin_muggelsee_IOP_daily_v0.3,2023-10-20,2023-10-20 12:00:00,52.437300000000015,13.647400000000005,1.8086177782543973,0.4072790836119898,2.782631303568952,13.9469561909212,4.998528165435339,3.0665436178498147,0.4480243776500289,4.998528165435339,3.0665436178498147,0.4480243776500289,1.8086177782543973,0.4072790836119898,2.782631303568952
berlin_muggelsee_IOP_daily_v0.3,2023-10-21,2023-10-21 12:00:00,52.437300000000015,13.647400000000005,1.5435594871344571,0.3068683600661348,2.7265622213472582,13.63343257834885,4.57699006854785,2.829980664519316,0.4503534762866162,4.57699006854785,2.829980664519316,0.4503534762866162,1.5435594871344571,0.3068683600661348,2.7265622213472582
berlin_muggelsee_IOP_daily_v0.3,2023-10-22,2023-10-22 12:00:00,52.437300000000015,13.647400000000005,1.295861686844518,0.2308949745790143,2.646203179470983,13.332705284272304,4.172959840894515,2.634133559926843,0.4518481981232056,4.172959840894515,2.634133559926843,0.4518481981232056,1.295861686844518,0.2308949745790143,2.646203179470983
berlin_muggelsee_IOP_daily_v0.3,2023-10-23,2023-10-23 12:00:00,52.437300000000015,13.647400000000005,1.0777506112469435,0.1765281173594131,2.545721271393643,13.046499999999998,3.8,2.5,0.4520006287069759,3.8,2.5,0.4520006287069759,1.0777506112469435,0.1765281173594131,2.545721271393643
berlin_muggelsee_IOP_daily_v0.3,2023-10-24,2023-10-24 12:00:00,52.437300000000015,13.647400000000005,0.8943774770478151,0.1389660778641801,2.4328555667775933,12.77650703096712,3.466199121689588,2.4425926929431565,0.4504500449660455,3.466199121689588,2.4425926929431565,0.4504500449660455,0.8943774770478151,0.1389660778641801,2.4328555667775933
berlin_muggelsee_IOP_daily_v0.3,2023-10-25,2023-10-25 12:00:00,52.437300000000015,13.647400000000005,0.7462713722456358,0.1122930312718728,2.314915607953968,12.524275139115916,3.1734800114714767,2.4529843960677606,0.4474244893522934,3.1734800114714767,2.4529843960677606,0.4474244893522934,0.7462713722456358,0.1122930312718728,2.314915607953968
berlin_muggelsee_IOP_daily_v0.3,2023-10-26,2023-10-26 12:00:00,52.437300000000015,13.647400000000005,0.6310000841968311,0.0924747744324529,2.198112111175678,12.291317700515384,2.921586969804962,2.5162628789620265,0.4432991956985377,2.921586969804962,2.5162628789620265,0.4432991956985377,0.6310000841968311,0.0924747744324529,2.198112111175678
berlin_muggelsee_IOP_daily_v0.3,2023-10-27,2023-10-27 12:00:00,52.437300000000015,13.647400000000005,0.5448815653482406,0.0770544280881437,2.087576184752784,12.079148091234524,2.709512178189168,2.6175159112141686,0.4384493978375972,2.709512178189168,2.6175159112141686,0.4384493978375972,0.5448815653482406,0.0770544280881437,2.087576184752784
berlin_muggelsee_IOP_daily_v0.3,2023-10-28,2023-10-28 12:00:00,52.437300000000015,13.647400000000005,0.4842818919622034,0.0644990240450902,1.9871713627061,11.889279687342338,2.5359522787133937,2.741831262412401,0.4332503296022903,2.5359522787133937,2.741831262412401,0.4332503296022903,0.4842818919622034,0.0644990240450902,1.9871713627061
berlin_muggelsee_IOP_daily_v0.3,2023-10-29,2023-10-29 12:00:00,52.437300000000015,13.647400000000005,0.4464790844385889,0.0538477153494884,1.8993744161429256,11.723225864907826,2.399701215931003,2.87429670214494,0.4280772248254357,2.399701215931003,2.87429670214494,0.4280772248254357,0.4464790844385889,0.0538477153494884,1.8993744161429256
berlin_muggelsee_IOP_daily_v0.3,2023-10-30,2023-10-30 12:00:00,52.437300000000015,13.647400000000005,0.4303225806451611,0.044516129032258,1.825161290322581,11.5825,2.3,3.0,0.4233053173398519,2.3,3.0,0.4233053173398519,0.4303225806451611,0.044516129032258,1.825161290322581
berlin_muggelsee_IOP_daily_v0.3,2023-10-31,2023-10-31 12:00:00,52.437300000000015,13.647400000000005,0.4353364913334449,0.0362865996261184,1.7635688217682064,11.46716583211004,2.2351919127277697,3.1059590837062427,0.4192323861663061,2.2351919127277697,3.1059590837062427,0.4192323861663061,0.4353364913334449,0.0362865996261184,1.7635688217682064
berlin_muggelsee_IOP_daily_v0.3,2023-11-01,2023-11-01 12:00:00,52.437300000000015,13.647400000000005,0.4571928898363896,0.0293804475436184,1.71165638144935,11.371488554417915,2.198229718829358,3.18691251355413,0.4158463910773617,2.198229718829358,3.18691251355413,0.4158463910773617,0.4571928898363896,0.0293804475436184,1.71165638144935
berlin_muggelsee_IOP_daily_v0.3,2023-11-02,2023-11-02 12:00:00,52.437300000000015,13.647400000000005,0.4911196325743483,0.0238739181624043,1.6668864968571049,11.288283723525767,2.1818800475938573,3.2395290079745687,0.4130578370335305,2.1818800475938573,3.2395290079745687,0.4130578370335305,0.4911196325743483,0.0238739181624043,1.6668864968571049
berlin_muggelsee_IOP_daily_v0.3,2023-11-03,2023-11-03 12:00:00,52.437300000000015,13.647400000000005,0.5316900468167923,0.0196703487693465,1.628438695801994,11.210366896035756,2.179799091388133,3.2604772853984665,0.4107772289953245,2.179799091388133,3.2604772853984665,0.4107772289953245,0.5316900468167923,0.0196703487693465,1.628438695801994
berlin_muggelsee_IOP_daily_v0.3,2023-11-04,2023-11-04 12:00:00,52.437300000000015,13.647400000000005,0.5715880587727243,0.0166032608682057,1.5978487903145706,11.130553628550022,2.1860401099555005,3.2464260642567324,0.4089150719232556,2.1860401099555005,3.2464260642567324,0.4089150719232556,0.5715880587727243,0.0166032608682057,1.5978487903145706
berlin_muggelsee_IOP_daily_v0.3,2023-11-05,2023-11-05 12:00:00,52.437300000000015,13.647400000000005,0.6012168175328899,0.0145056635604134,1.5790227297953052,11.041659477670716,2.1947452108886085,3.194044062980274,0.4073818707778359,2.1947452108886085,3.194044062980274,0.4073818707778359,0.6012168175328899,0.0145056635604134,1.5790227297953052
berlin_muggelsee_IOP_daily_v0.3,2023-11-06,2023-11-06 12:00:00,52.437300000000015,13.647400000000005,0.6096385542168676,0.0132530120481927,1.57710843373494,10.9365,2.2,3.1,0.4060881305195774,2.2,3.1,0.4060881305195774,0.6096385542168676,0.0132530120481927,1.57710843373494
berlin_muggelsee_IOP_daily_v0.3,2023-11-07,2023-11-07 12:00:00,52.437300000000015,13.647400000000005,0.5897801625074786,0.0127507965010096,1.5943336807343729,10.809721768872592,2.196864639742861,2.9636001267508187,0.4049563963364288,2.196864639742861,2.9636001267508187,0.4049563963364288,0.5897801625074786,0.0127507965010096,1.5943336807343729
berlin_muggelsee_IOP_daily_v0.3,2023-11-08,2023-11-08 12:00:00,52.437300000000015,13.647400000000005,0.5483021359883401,0.0128348521686803,1.6234040858643994,10.66329542455353,2.18454107402142,2.794700826683647,0.4039573743260868,2.18454107402142,2.794700826683647,0.4039573743260868,0.5483021359883401,0.0128348521686803,1.6234040858643994
berlin_muggelsee_IOP_daily_v0.3,2023-11-09,2023-11-09 12:00:00,52.437300000000015,13.647400000000005,0.4955762561374712,0.0133845386598029,1.654399619511718,10.501022624040433,2.163360414308992,2.6057960162534006,0.4030738108136852,2.163360414308992,2.6057960162534006,0.4030738108136852,0.4955762561374712,0.0133845386598029,1.654399619511718
berlin_muggelsee_IOP_daily_v0.3,2023-11-10,2023-11-10 12:00:00,52.437300000000015,13.647400000000005,0.4405655698224486,0.0143186827334067,1.678871668993758,10.326705024330916,2.1337559215496134,2.4093796119149955,0.4022884521243574,2.1337559215496134,2.4093796119149955,0.4022884521243574,0.4405655698224486,0.0143186827334067,1.678871668993758
berlin_muggelsee_IOP_daily_v0.3,2023-11-11,2023-11-11 12:00:00,52.437300000000015,13.647400000000005,0.3897345104560089,0.0155603010539052,1.6909560122962293,10.144144282422596,2.0962508238061432,2.21794553012335,0.401584044583237,2.0962508238061432,2.21794553012335,0.401584044583237,0.3897345104560089,0.0155603010539052,1.6909560122962293
berlin_muggelsee_IOP_daily_v0.3,2023-11-12,2023-11-12 12:00:00,52.437300000000015,13.647400000000005,0.347083648830079,0.017008904325803,1.6873523087760711,9.95714205531308,2.0514448619319534,2.0439876873333787,0.4009433345154574,2.0514448619319534,2.0439876873333787,0.4009433345154574,0.347083648830079,0.017008904325803,1.6873523087760711
berlin_muggelsee_IOP_daily_v0.3,2023-11-13,2023-11-13 12:00:00,52.437300000000015,13.647400000000005,0.3148148148148149,0.0185185185185185,1.666666666666667,9.7695,2.0000000000000004,1.9,0.4003490682461526,2.0000000000000004,1.9,0.4003490682461526,0.3148148148148149,0.0185185185185185,1.666666666666667
berlin_muggelsee_IOP_daily_v0.3,2023-11-14,2023-11-14 12:00:00,52.437300000000015,13.647400000000005,0.2932267779893984,0.0199182347762205,1.6290299425850054,9.584068083653236,1.9421749553506245,1.795325540485814,0.3997965540427782,1.9421749553506245,1.795325540485814,0.3997965540427782,0.2932267779893984,0.0199182347762205,1.6290299425850054
berlin_muggelsee_IOP_daily_v0.3,2023-11-15,2023-11-15 12:00:00,52.437300000000015,13.647400000000005,0.278960897177572,0.0211306720575972,1.5764855810851406,9.39988951413181,1.87657715032031,1.726704004784166,0.3993313479420807,1.87657715032031,1.726704004784166,0.3993313479420807,0.278960897177572,0.0211306720575972,1.5764855810851406
berlin_muggelsee_IOP_daily_v0.3,2023-11-16,2023-11-16 12:00:00,52.437300000000015,13.647400000000005,0.2686959092310433,0.0221111729121078,1.510944638682665,9.215055809467012,1.801751720825816,1.6877242447960843,0.3990115679231289,1.801751720825816,1.6877242447960843,0.3990115679231289,0.2686959092310433,0.0221111729121078,1.510944638682665
berlin_muggelsee_IOP_daily_v0.3,2023-11-17,2023-11-17 12:00:00,52.437300000000015,13.647400000000005,0.2597428390817546,0.0228225628584126,1.434175050909928,9.02765848769014,1.7167404528500954,1.671975112422598,0.3988953319649914,1.7167404528500954,1.671975112422598,0.3988953319649914,0.2597428390817546,0.0228225628584126,1.434175050909928
berlin_muggelsee_IOP_daily_v0.3,2023-11-18,2023-11-18 12:00:00,52.437300000000015,13.647400000000005,0.2497915263169008,0.0232374974570598,1.3481323090558086,8.835789066832485,1.6211613328297692,1.6730454595647355,0.399040758046737,1.6211613328297692,1.6730454595647355,0.399040758046737,0.2497915263169008,0.0232374974570598,1.3481323090558086
berlin_muggelsee_IOP_daily_v0.3,2023-11-19,2023-11-19 12:00:00,52.437300000000015,13.647400000000005,0.236891890944765,0.0233402102044333,1.255039414422288,8.637539064925338,1.5152715155714864,1.6845241381235267,0.3995059641474344,1.5152715155714864,1.6845241381235267,0.3995059641474344,0.236891890944765,0.0233402102044333,1.255039414422288
berlin_muggelsee_IOP_daily_v0.3,2023-11-20,2023-11-20 12:00:00,52.437300000000015,13.647400000000005,0.2196078431372548,0.0231275052036871,1.157264651659058,8.431000000000001,1.4,1.7,0.4003490682461524,1.4,1.7,0.4003490682461524,0.2196078431372548,0.0231275052036871,1.157264651659058
berlin_muggelsee_IOP_daily_v0.3,2023-11-21,2023-11-21 12:00:00,52.437300000000015,13.647400000000005,0.1979573042638658,0.0226379557420904,1.0579383606071238,8.214088986893467,1.27853362061308,1.713698294396301,0.4015826322852136,1.27853362061308,1.713698294396301,0.4015826322852136,0.1979573042638658,0.0226379557420904,1.0579383606071238
berlin_muggelsee_IOP_daily_v0.3,2023-11-22,2023-11-22 12:00:00,52.437300000000015,13.647400000000005,0.1750162915499877,0.0220311061868981,0.9627599085777788,7.984025527665585,1.1598073063146646,1.7223898597190452,0.4030369940599555,1.1598073063146646,1.7223898597190452,0.4030369940599555,0.1750162915499877,0.0220311061868981,0.9627599085777788
berlin_muggelsee_IOP_daily_v0.3,2023-11-23,2023-11-23 12:00:00,52.437300000000015,13.647400000000005,0.1536172560179478,0.0214827556295492,0.8764612728499541,7.737854721181892,1.0515612844974511,1.7234819316759629,0.4044969353289697,1.0515612844974511,1.7234819316759629,0.4044969353289697,0.1536172560179478,0.0214827556295492,0.8764612728499541
berlin_muggelsee_IOP_daily_v0.3,2023-11-24,2023-11-24 12:00:00,52.437300000000015,13.647400000000005,0.1354962972252275,0.021152522689959,0.8021861982200247,7.472621666307941,0.9588350181352112,1.714381745974786,0.4057472378508475,0.9588350181352112,1.714381745974786,0.4057472378508475,0.1354962972252275,0.021152522689959,0.8021861982200247
berlin_muggelsee_IOP_daily_v0.3,2023-11-25,2023-11-25 12:00:00,52.437300000000015,13.647400000000005,0.1215659832510677,0.0211941867599468,0.7419463460808312,7.185371461909277,0.8847065160918457,1.6924965383232458,0.4065726833841804,0.8847065160918457,1.6924965383232458,0.4065726833841804,0.1215659832510677,0.0211941867599468,0.7419463460808312
berlin_muggelsee_IOP_daily_v0.3,2023-11-26,2023-11-26 12:00:00,52.437300000000015,13.647400000000005,0.1122962467256027,0.021777983265616,0.6970885672566041,6.873149206851447,0.8311627972478227,1.655233544429073,0.4067580536875598,0.8311627972478227,1.655233544429073,0.4067580536875598,0.1122962467256027,0.021777983265616,0.6970885672566041
berlin_muggelsee_IOP_daily_v0.3,2023-11-27,2023-11-27 12:00:00,52.437300000000015,13.647400000000005,0.1081081081081081,0.0231275052036871,0.6687643866882048,6.533,0.8,1.6,0.4060881305195773,0.8,1.6,0.4060881305195773,0.1081081081081081,0.0231275052036871,0.6687643866882048
berlin_muggelsee_IOP_daily_v0.3,2023-11-28,2023-11-28 12:00:00,52.437300000000015,13.647400000000005,0.1093556277247405,0.025484943191131,0.6572984700650615,6.163952062067347,0.792139040980933,1.525974576389621,0.4044336980435824,0.792139040980933,1.525974576389621,0.4044336980435824,0.1093556277247405,0.025484943191131,0.6572984700650615
berlin_muggelsee_IOP_daily_v0.3,2023-11-29,2023-11-29 12:00:00,52.437300000000015,13.647400000000005,0.1153396268069326,0.0288200228211321,0.659423878427427,5.772966101153377,0.8035835280554916,1.439421687534988,0.4020095500419575,0.8035835280554916,1.439421687534988,0.4020095500419575,0.1153396268069326,0.0288200228211321,0.659423878427427
berlin_muggelsee_IOP_daily_v0.3,2023-11-30,2023-11-30 12:00:00,52.437300000000015,13.647400000000005,0.1253758361435891,0.0329565978720251,0.6716988771151505,5.368985947204835,0.8300313111307648,1.3483771830190137,0.3991164827018432,0.8300313111307648,1.3483771830190137,0.3991164827018432,0.1253758361435891,0.0329565978720251,0.6716988771151505
berlin_muggelsee_IOP_daily_v0.3,2023-12-01,2023-12-01 12:00:00,52.437300000000015,13.647400000000005,0.1388322629106831,0.0375499584908008,0.6911935844127588,4.960955430168475,0.8675758058142427,1.2608769124246133,0.39605529221038,0.8675758058142427,1.2608769124246133,0.39605529221038,0.1388322629106831,0.0375499584908008,0.6911935844127588
berlin_muggelsee_IOP_daily_v0.3,2023-12-02,2023-12-02 12:00:00,52.437300000000015,13.647400000000005,0.1547930955916183,0.042002701062326,0.7151847230466838,4.55781837999105,0.911980519700628,1.1849567253347013,0.3931267747547085,0.911980519700628,1.1849567253347013,0.3931267747547085,0.1547930955916183,0.042002701062326,0.7151847230466838
berlin_muggelsee_IOP_daily_v0.3,2023-12-03,2023-12-03 12:00:00,52.437300000000015,13.647400000000005,0.1717674048894883,0.0454493086410143,0.7409576108440055,4.168518626619306,0.958174324374508,1.1286524713321922,0.3906317265219692,0.958174324374508,1.1286524713321922,0.3906317265219692,0.1717674048894883,0.0454493086410143,0.7409576108440055
berlin_muggelsee_IOP_daily_v0.3,2023-12-04,2023-12-04 12:00:00,52.437300000000015,13.647400000000005,0.1875,0.046875,0.765625,3.802000000000001,1.0,1.1,0.3888709436993028,1.0,1.1,0.3888709436993028,0.1875,0.046875,0.765625
berlin_muggelsee_IOP_daily_v0.3,2023-12-05,2023-12-05 12:00:00,52.437300000000015,13.647400000000005,0.1995485903668367,0.0456252594776654,0.7866463913299161,3.46619605929778,1.0318202411744182,1.1045608344475455,0.3880642843713138,1.0318202411744182,1.1045608344475455,0.3880642843713138,0.1995485903668367,0.0456252594776654,0.7866463913299161
berlin_muggelsee_IOP_daily_v0.3,2023-12-06,2023-12-06 12:00:00,52.437300000000015,13.647400000000005,0.2074374213133861,0.0423081069322727,0.8040451233056681,3.164999280548901,1.053790651551327,1.1379991918902754,0.3881078542124646,1.053790651551327,1.1379991918902754,0.3881078542124646,0.2074374213133861,0.0423081069322727,0.8040451233056681
berlin_muggelsee_IOP_daily_v0.3,2023-12-07,2023-12-07 12:00:00,52.437300000000015,13.647400000000005,0.2115889244275076,0.0379144383149194,0.8185303990625755,2.901291869007516,1.0680337618050024,1.1935049630701406,0.388816820794681,1.0680337618050024,1.1935049630701406,0.388816820794681,0.2115889244275076,0.0379144383149194,0.8185303990625755
berlin_muggelsee_IOP_daily_v0.3,2023-12-08,2023-12-08 12:00:00,52.437300000000015,13.647400000000005,0.2127367295396608,0.0333086518066617,0.8309901959501284,2.677956029927779,1.0770355772964508,1.2642680387290934,0.3900063516898894,1.0770355772964508,1.2642680387290934,0.3900063516898894,0.2127367295396608,0.0333086518066617,0.8309901959501284
berlin_muggelsee_IOP_daily_v0.3,2023-12-09,2023-12-09 12:00:00,52.437300000000015,13.647400000000005,0.2117932350392872,0.0290997652568399,0.842593817222203,2.497873968563845,1.08348681751833,1.3434783096090863,0.3914916144700158,1.08348681751833,1.3434783096090863,0.3914916144700158,0.2117932350392872,0.0290997652568399,0.842593817222203
berlin_muggelsee_IOP_daily_v0.3,2023-12-10,2023-12-10 12:00:00,52.437300000000015,13.647400000000005,0.2097384645265712,0.0256454620002342,0.8548001011222364,2.3639278901698666,1.0901840276490418,1.4243256664520711,0.3930877767069864,1.0901840276490418,1.4243256664520711,0.3930877767069864,0.2097384645265712,0.0256454620002342,0.8548001011222364
berlin_muggelsee_IOP_daily_v0.3,2023-12-11,2023-12-11 12:00:00,52.437300000000015,13.647400000000005,0.2075471698113208,0.0231275052036871,0.8693253249849922,2.279,1.1,1.5,0.3946100059727276,1.1,1.5,0.3946100059727276,0.2075471698113208,0.0231275052036871,0.8693253249849922
berlin_muggelsee_IOP_daily_v0.3,2023-12-12,2023-12-12 12:00:00,52.437300000000015,13.647400000000005,0.2059851734415343,0.0215790465947614,0.8877348596368213,2.2442564121117945,1.115299079673117,1.5651115318843356,0.3959104363247802,1.115299079673117,1.5651115318843356,0.3959104363247802,0.2059851734415343,0.0215790465947614,0.8877348596368213
berlin_muggelsee_IOP_daily_v0.3,2023-12-13,2023-12-13 12:00:00,52.437300000000015,13.647400000000005,0.2051013854278415,0.0207886566533353,0.9101795907013318,2.2539988757763867,1.1360696327825086,1.6199518072945822,0.3969890677631442,1.1360696327825086,1.6199518072945822,0.3969890677631442,0.2051013854278415,0.0207886566533353,0.9101795907013318
berlin_muggelsee_IOP_daily_v0.3,2023-12-14,2023-12-14 12:00:00,52.437300000000015,13.647400000000005,0.2047760360263936,0.0205681954419207,0.9363656479546738,2.3008130490683114,1.161709879422988,1.666232702309755,0.3978828667734345,1.161709879422988,1.666232702309755,0.3978828667734345,0.2047760360263936,0.0205681954419207,0.9363656479546738
berlin_muggelsee_IOP_daily_v0.3,2023-12-15,2023-12-15 12:00:00,52.437300000000015,13.647400000000005,0.20489529887569,0.0207886566533352,0.965924876049586,2.377284590062101,1.191608831578611,1.7056660930088678,0.3986287998412656,1.191608831578611,1.7056660930088678,0.3986287998412656,0.20489529887569,0.0207886566533352,0.965924876049586
berlin_muggelsee_IOP_daily_v0.3,2023-12-16,2023-12-16 12:00:00,52.437300000000015,13.647400000000005,0.2053485305807141,0.0213502033927795,0.9984172844700376,2.47599915683229,1.2251160184435312,1.739963855470937,0.3992638334522525,1.2251160184435312,1.739963855470937,0.3992638334522525,0.2053485305807141,0.0213502033927795,0.9984172844700376
berlin_muggelsee_IOP_daily_v0.3,2023-12-17,2023-12-17 12:00:00,52.437300000000015,13.647400000000005,0.2060261595626555,0.0221619434821204,1.0333267635335444,2.589542407453412,1.2615148665783202,1.770837865774976,0.3998249340920098,1.2615148665783202,1.770837865774976,0.3998249340920098,0.2060261595626555,0.0221619434821204,1.0333267635335444
berlin_muggelsee_IOP_daily_v0.3,2023-12-18,2023-12-18 12:00:00,52.437300000000015,13.647400000000005,0.2068181818181818,0.0231275052036871,1.0700543129781313,2.7105,1.3,1.8000000000000005,0.4003490682461525,1.3,1.8000000000000005,0.4003490682461525,0.2068181818181818,0.0231275052036871,1.0700543129781313
